unique_key,created_date,closed_date,agency,complaint_type,borough,status
63577994,2025-01-01T00:00:12.000,2025-01-02T17:05:54.000,NYPD,Noise - Residential,BRONX,Closed
63584096,2025-01-01T00:00:13.000,2025-01-01T00:05:19.000,NYPD,Noise - Residential,BROOKLYN,Closed
63581480,2025-01-01T00:00:17.000,2025-01-01T09:01:06.000,NYPD,Noise - Residential,BRONX,Closed
63575612,2025-01-01T00:00:19.000,2025-01-01T00:43:08.000,NYPD,Illegal Fireworks,BROOKLYN,Closed
63586536,2025-01-01T00:00:34.000,2025-01-02T12:04:30.000,HPD,HEAT/HOT WATER,BRONX,Closed
63593943,2025-01-01T00:00:37.000,2025-01-01T22:50:30.000,HPD,HEAT/HOT WATER,MANHATTAN,Closed
63572426,2025-01-01T00:00:42.000,2025-01-01T00:41:12.000,NYPD,Noise - Residential,BROOKLYN,Closed
63581601,2025-01-01T00:00:50.000,2025-01-02T17:09:55.000,NYPD,Noise - Residential,BRONX,Closed
63575947,2025-01-01T00:00:50.000,2025-01-01T01:46:05.000,NYPD,Noise - Residential,BROOKLYN,Closed
63576541,2025-01-01T00:01:03.000,2025-01-01T08:38:08.000,NYPD,Noise - Residential,BRONX,Closed
63584548,2025-01-01T00:01:06.000,2025-01-01T00:19:04.000,NYPD,Noise - Street/Sidewalk,MANHATTAN,Closed
63575993,2025-01-01T00:01:24.000,2025-01-01T00:43:35.000,NYPD,Noise - Street/Sidewalk,MANHATTAN,Closed
63579629,2025-01-01T00:01:28.000,2025-01-02T17:07:28.000,NYPD,Noise - Residential,BRONX,Closed
63585577,2025-01-01T00:01:42.000,2025-01-01T00:44:35.000,NYPD,Illegal Parking,BROOKLYN,Closed
63576522,2025-01-01T00:01:49.000,2025-01-01T08:38:09.000,NYPD,Noise - Residential,BRONX,Closed
63583880,2025-01-01T00:01:57.000,2025-01-01T14:58:06.000,NYPD,Blocked Driveway,MANHATTAN,Closed
63580493,2025-01-01T00:02:00.000,2025-01-01T00:02:00.000,DOT,Traffic Signal Condition,QUEENS,Closed
63584101,2025-01-01T00:02:05.000,2025-01-01T01:03:56.000,NYPD,Illegal Fireworks,QUEENS,Closed
63581599,2025-01-01T00:02:06.000,2025-01-02T16:30:14.000,NYPD,Noise - Residential,BRONX,Closed
63577385,2025-01-01T00:02:09.000,2025-01-01T00:10:31.000,NYPD,Illegal Fireworks,BROOKLYN,Closed
63579011,2025-01-01T00:02:14.000,2025-01-01T00:27:50.000,NYPD,Noise - Commercial,QUEENS,Closed
63576018,2025-01-01T00:02:24.000,2025-01-01T00:19:44.000,NYPD,Noise - Street/Sidewalk,MANHATTAN,Closed
63572417,2025-01-01T00:02:31.000,2025-01-01T00:05:50.000,NYPD,Noise - Residential,BROOKLYN,Closed
63582736,2025-01-01T00:02:34.000,2025-01-01T01:07:15.000,NYPD,Noise - Street/Sidewalk,BRONX,Closed
63580050,2025-01-01T00:02:35.000,2025-01-01T09:01:53.000,NYPD,Noise - Residential,BRONX,Closed
63576437,2025-01-01T00:02:44.000,2025-01-02T17:08:14.000,NYPD,Noise - Residential,BRONX,Closed
63582421,2025-01-01T00:03:07.000,2025-01-01T00:42:55.000,NYPD,Illegal Fireworks,BROOKLYN,Closed
63583123,2025-01-01T00:03:15.000,2025-01-01T21:26:22.000,NYPD,Illegal Parking,MANHATTAN,Closed
63583644,2025-01-01T00:03:20.000,2025-01-01T01:39:32.000,NYPD,Illegal Parking,BROOKLYN,Closed
63573292,2025-01-01T00:03:21.000,2025-01-01T08:38:10.000,NYPD,Noise - Residential,BRONX,Closed
63573291,2025-01-01T00:03:23.000,2025-01-02T16:30:15.000,NYPD,Noise - Residential,BRONX,Closed
63588918,2025-01-01T00:03:37.000,2025-01-02T19:55:51.000,HPD,HEAT/HOT WATER,MANHATTAN,Closed
63580325,2025-01-01T00:03:41.000,2025-01-01T00:50:47.000,NYPD,Illegal Parking,QUEENS,Closed
63572401,2025-01-01T00:03:42.000,2025-01-01T00:17:17.000,NYPD,Noise - Commercial,MANHATTAN,Closed
63582434,2025-01-01T00:03:44.000,2025-01-01T00:07:59.000,NYPD,Noise - Commercial,MANHATTAN,Closed
63582221,2025-01-01T00:03:58.000,2025-01-01T00:53:01.000,NYPD,Blocked Driveway,QUEENS,Closed
63573117,2025-01-01T00:04:01.000,2025-01-02T17:05:54.000,NYPD,Noise - Residential,BRONX,Closed
63584449,2025-01-01T00:04:01.000,2025-01-01T00:36:10.000,NYPD,Noise - Residential,MANHATTAN,Closed
63584259,2025-01-01T00:04:03.000,2025-01-01T01:03:27.000,NYPD,Noise - Commercial,STATEN ISLAND,Closed
63576554,2025-01-01T00:04:07.000,2025-01-01T09:02:20.000,NYPD,Noise - Residential,BRONX,Closed
63580908,2025-01-01T00:04:15.000,2025-01-01T00:31:59.000,NYPD,Noise - Residential,BROOKLYN,Closed
63572740,2025-01-01T00:04:34.000,2025-01-01T01:20:14.000,NYPD,Noise - Residential,QUEENS,Closed
63582693,2025-01-01T00:04:34.000,2025-01-01T00:36:03.000,NYPD,Noise - Residential,BRONX,Closed
63578101,2025-01-01T00:04:39.000,2025-01-02T17:09:53.000,NYPD,Noise - Residential,BRONX,Closed
63572791,2025-01-01T00:04:40.000,2025-01-01T00:13:04.000,NYPD,Noise - Street/Sidewalk,BROOKLYN,Closed
63583735,2025-01-01T00:04:42.000,2025-01-01T00:53:46.000,NYPD,Illegal Parking,BROOKLYN,Closed
63579100,2025-01-01T00:04:44.000,2025-01-01T00:22:45.000,NYPD,Illegal Fireworks,QUEENS,Closed
63582776,2025-01-01T00:04:47.000,2025-01-01T00:22:55.000,NYPD,Noise - Residential,BROOKLYN,Closed
63574641,2025-01-01T00:04:54.000,2025-01-01T09:01:52.000,NYPD,Noise - Residential,BRONX,Closed
63584223,2025-01-01T00:04:54.000,2025-01-01T00:43:02.000,NYPD,Illegal Fireworks,BROOKLYN,Closed
63574681,2025-01-01T00:04:57.000,2025-01-01T03:05:10.000,NYPD,Noise - Residential,MANHATTAN,Closed
63582137,2025-01-01T00:05:00.000,2025-01-01T00:05:00.000,DOT,Traffic Signal Condition,QUEENS,Closed
63582455,2025-01-01T00:05:06.000,2025-01-01T00:55:24.000,NYPD,Noise - Residential,MANHATTAN,Closed
63579722,2025-01-01T00:05:17.000,2025-01-01T02:29:07.000,NYPD,Noise - Residential,QUEENS,Closed
63581613,2025-01-01T00:05:17.000,2025-01-02T16:30:16.000,NYPD,Noise - Residential,BRONX,Closed
63582496,2025-01-01T00:05:19.000,2025-01-01T00:32:11.000,NYPD,Noise - Residential,BROOKLYN,Closed
63574006,2025-01-01T00:05:22.000,2025-01-01T00:54:11.000,NYPD,Noise - Commercial,QUEENS,Closed
63574272,2025-01-01T00:05:24.000,2025-01-01T00:39:07.000,NYPD,Noise - Street/Sidewalk,MANHATTAN,Closed
63572361,2025-01-01T00:05:30.000,2025-01-01T00:54:18.000,NYPD,Illegal Fireworks,QUEENS,Closed
63581768,2025-01-01T00:05:39.000,2025-01-01T08:38:11.000,NYPD,Noise - Residential,BRONX,Closed
63582506,2025-01-01T00:05:45.000,2025-01-01T00:22:55.000,NYPD,Noise - Residential,MANHATTAN,Closed
63573235,2025-01-01T00:05:55.000,2025-01-02T17:08:18.000,NYPD,Noise - Residential,BRONX,Closed
63582523,2025-01-01T00:05:56.000,2025-01-01T00:28:28.000,NYPD,Illegal Fireworks,BROOKLYN,Closed
63582680,2025-01-01T00:06:04.000,2025-01-01T00:37:50.000,NYPD,Noise - Residential,MANHATTAN,Closed
63584429,2025-01-01T00:06:12.000,2025-01-01T00:21:10.000,NYPD,Noise - Street/Sidewalk,QUEENS,Closed
63576014,2025-01-01T00:06:18.000,2025-01-01T00:39:22.000,NYPD,Noise - Street/Sidewalk,BROOKLYN,Closed
63579709,2025-01-01T00:06:25.000,2025-01-01T09:01:54.000,NYPD,Noise - Residential,BRONX,Closed
63577404,2025-01-01T00:06:28.000,2025-01-01T00:59:01.000,NYPD,Illegal Fireworks,QUEENS,Closed
63574516,2025-01-01T00:06:32.000,2025-01-01T02:09:56.000,NYPD,Illegal Fireworks,QUEENS,Closed
63584323,2025-01-01T00:06:32.000,2025-01-01T00:32:25.000,NYPD,Noise - Residential,BROOKLYN,Closed
63578337,2025-01-01T00:06:33.000,2025-01-02T17:08:12.000,NYPD,Noise - Residential,BRONX,Closed
63580659,2025-01-01T00:06:40.000,2025-01-01T00:50:29.000,NYPD,Noise - Park,QUEENS,Closed
63579043,2025-01-01T00:06:44.000,2025-01-01T01:06:52.000,NYPD,Noise - Residential,BRONX,Closed
63572741,2025-01-01T00:06:46.000,2025-01-01T00:51:36.000,NYPD,Noise - Residential,STATEN ISLAND,Closed
63577254,2025-01-01T00:06:58.000,2025-01-01T00:42:19.000,NYPD,Illegal Fireworks,QUEENS,Closed
63580634,2025-01-01T00:07:00.000,2025-01-01T00:23:39.000,NYPD,Illegal Fireworks,BROOKLYN,Closed
63582454,2025-01-01T00:07:02.000,2025-01-01T00:23:10.000,NYPD,Noise - Residential,QUEENS,Closed
63577650,2025-01-01T00:07:04.000,2025-01-01T01:07:34.000,NYPD,Noise - Street/Sidewalk,QUEENS,Closed
63585070,2025-01-01T00:07:11.000,2025-01-01T09:01:05.000,NYPD,Noise - Residential,BRONX,Closed
63584779,2025-01-01T00:07:11.000,2025-01-02T17:03:48.000,NYPD,Noise - Residential,BRONX,Closed
63572376,2025-01-01T00:07:15.000,2025-01-01T00:20:48.000,NYPD,Illegal Fireworks,MANHATTAN,Closed
63579200,2025-01-01T00:07:15.000,2025-01-01T00:24:41.000,NYPD,Illegal Fireworks,BROOKLYN,Closed
63582825,2025-01-01T00:07:17.000,2025-01-01T01:08:27.000,NYPD,Noise - Street/Sidewalk,BROOKLYN,Closed
63574597,2025-01-01T00:07:19.000,2025-01-02T08:55:17.000,DSNY,Illegal Dumping,QUEENS,Closed
63572348,2025-01-01T00:07:20.000,2025-01-01T00:28:46.000,NYPD,Illegal Fireworks,BROOKLYN,Closed
63572219,2025-01-01T00:07:36.000,2025-01-01T01:33:12.000,NYPD,Blocked Driveway,QUEENS,Closed
63582601,2025-01-01T00:07:40.000,2025-01-01T00:36:46.000,NYPD,Noise - Residential,QUEENS,Closed
63573989,2025-01-01T00:07:42.000,2025-01-01T00:57:05.000,NYPD,Noise - Residential,BRONX,Closed
63575399,2025-01-01T00:07:48.000,2025-01-01T01:07:34.000,NYPD,Blocked Driveway,STATEN ISLAND,Closed
63576609,2025-01-01T00:07:49.000,2025-01-02T17:09:50.000,NYPD,Noise - Residential,BRONX,Closed
63577482,2025-01-01T00:07:50.000,2025-01-01T00:51:05.000,NYPD,Illegal Fireworks,STATEN ISLAND,Closed
63584393,2025-01-01T00:07:52.000,2025-01-01T00:44:28.000,NYPD,Noise - Residential,QUEENS,Closed
63575983,2025-01-01T00:07:54.000,2025-01-01T00:13:30.000,NYPD,Noise - Street/Sidewalk,BROOKLYN,Closed
63584043,2025-01-01T00:07:55.000,2025-01-01T00:22:35.000,NYPD,Noise - Commercial,MANHATTAN,Closed
63573307,2025-01-01T00:07:57.000,2025-01-01T09:02:03.000,NYPD,Noise - Residential,BRONX,Closed
63574062,2025-01-01T00:08:01.000,2025-01-01T00:56:06.000,NYPD,Noise - Residential,QUEENS,Closed
63577453,2025-01-01T00:08:09.000,2025-01-01T00:49:01.000,NYPD,Noise - Residential,MANHATTAN,Closed
63575331,2025-01-01T00:08:11.000,2025-02-12T22:19:14.000,DOHMH,Smoking or Vaping,BRONX,Closed
63574357,2025-01-01T00:08:21.000,2025-01-01T01:11:23.000,NYPD,Noise - Residential,BRONX,Closed
63581616,2025-01-01T00:08:24.000,2025-01-01T02:31:42.000,NYPD,Noise - Street/Sidewalk,QUEENS,Closed
63574754,2025-01-01T00:08:29.000,2025-01-02T17:09:52.000,NYPD,Noise - Residential,BRONX,Closed
63577514,2025-01-01T00:08:30.000,2025-01-01T00:39:40.000,NYPD,Noise - Street/Sidewalk,MANHATTAN,Closed
63580642,2025-01-01T00:08:30.000,2025-01-01T01:21:30.000,NYPD,Illegal Fireworks,STATEN ISLAND,Closed
63576373,2025-01-01T00:08:43.000,2025-01-01T09:02:20.000,NYPD,Noise - Residential,BRONX,Closed
63584238,2025-01-01T00:08:43.000,2025-01-01T00:15:27.000,NYPD,Noise - Commercial,MANHATTAN,Closed
63584105,2025-01-01T00:08:53.000,2025-01-01T00:46:52.000,NYPD,Illegal Fireworks,BROOKLYN,Closed
63581049,2025-01-01T00:08:57.000,2025-01-01T00:10:44.000,NYPD,Noise - Street/Sidewalk,BROOKLYN,Closed
63574002,2025-01-01T00:08:58.000,2025-01-01T00:29:02.000,NYPD,Illegal Fireworks,BROOKLYN,Closed
63573306,2025-01-01T00:09:05.000,2025-01-02T16:30:17.000,NYPD,Noise - Residential,BRONX,Closed
63575567,2025-01-01T00:09:09.000,2025-01-01T00:41:35.000,NYPD,Illegal Fireworks,STATEN ISLAND,Closed
63575584,2025-01-01T00:09:14.000,2025-01-01T00:54:11.000,NYPD,Illegal Fireworks,QUEENS,Closed
63578216,2025-01-01T00:09:16.000,2025-01-01T03:02:02.000,NYPD,Illegal Parking,QUEENS,Closed
63578990,2025-01-01T00:09:19.000,2025-01-01T00:59:30.000,NYPD,Illegal Fireworks,BROOKLYN,Closed
63582719,2025-01-01T00:09:27.000,2025-01-01T00:41:06.000,NYPD,Noise - Street/Sidewalk,MANHATTAN,Closed
63579760,2025-01-01T00:09:29.000,2025-01-01T09:02:02.000,NYPD,Noise - Residential,BRONX,Closed
63580632,2025-01-01T00:09:35.000,2025-01-01T00:24:26.000,NYPD,Illegal Fireworks,BROOKLYN,Closed
63579795,2025-01-01T00:09:45.000,2025-01-02T17:05:54.000,NYPD,Noise - Residential,BRONX,Closed
63577151,2025-01-01T00:09:53.000,2025-01-01T02:04:13.000,NYPD,Abandoned Vehicle,QUEENS,Closed
63578936,2025-01-01T00:10:00.000,2025-01-01T02:30:00.000,DOT,Traffic Signal Condition,QUEENS,Closed
63580566,2025-01-01T00:10:03.000,2025-01-01T01:22:39.000,NYPD,Blocked Driveway,BROOKLYN,Closed
63577297,2025-01-01T00:10:05.000,2025-01-01T01:29:49.000,NYPD,Noise - Residential,BRONX,Closed
63580804,2025-01-01T00:10:05.000,2025-01-01T00:23:36.000,NYPD,Illegal Fireworks,QUEENS,Closed
63582731,2025-01-01T00:10:13.000,2025-01-01T00:32:44.000,NYPD,Noise - Street/Sidewalk,BROOKLYN,Closed
63573085,2025-01-01T00:10:15.000,2025-01-01T09:01:05.000,NYPD,Noise - Residential,BRONX,Closed
63574404,2025-01-01T00:10:20.000,2025-01-01T00:16:03.000,NYPD,Noise - Street/Sidewalk,BROOKLYN,Closed
63578113,2025-01-01T00:10:22.000,2025-01-02T17:09:53.000,NYPD,Noise - Residential,BRONX,Closed
63583959,2025-01-01T00:10:23.000,2025-01-01T01:26:21.000,NYPD,Blocked Driveway,QUEENS,Closed
63591499,2025-01-01T00:10:25.000,2025-01-02T13:49:04.000,HPD,HEAT/HOT WATER,BRONX,Closed
63579078,2025-01-01T00:10:26.000,2025-01-01T01:24:26.000,NYPD,Illegal Fireworks,STATEN ISLAND,Closed
63572351,2025-01-01T00:10:30.000,2025-01-01T00:42:35.000,NYPD,Illegal Fireworks,BROOKLYN,Closed
63573972,2025-01-01T00:10:30.000,2025-01-01T00:56:42.000,NYPD,Illegal Fireworks,QUEENS,Closed
63577486,2025-01-01T00:10:32.000,2025-01-01T00:22:31.000,NYPD,Illegal Fireworks,MANHATTAN,Closed
63579105,2025-01-01T00:10:36.000,2025-01-01T00:15:30.000,NYPD,Noise - Commercial,MANHATTAN,Closed
63585438,2025-01-01T00:10:41.000,2025-01-01T00:49:50.000,NYPD,Illegal Parking,QUEENS,Closed
63582735,2025-01-01T00:10:41.000,2025-01-01T00:16:38.000,NYPD,Noise - Street/Sidewalk,MANHATTAN,Closed
63575836,2025-01-01T00:10:45.000,2025-01-01T00:50:34.000,NYPD,Noise - Street/Sidewalk,BROOKLYN,Closed
63574056,2025-01-01T00:10:46.000,2025-01-01T01:14:47.000,NYPD,Noise - Residential,BROOKLYN,Closed
63582220,2025-01-01T00:10:56.000,2025-01-01T01:47:39.000,NYPD,Blocked Driveway,QUEENS,Closed
63574000,2025-01-01T00:10:58.000,2025-01-01T00:42:18.000,NYPD,Illegal Fireworks,BROOKLYN,Closed
63584800,2025-01-01T00:11:00.000,2025-01-02T17:11:27.000,NYPD,Noise - Residential,BRONX,Closed
63585242,2025-01-01T00:11:01.000,2025-01-01T09:02:02.000,NYPD,Noise - Residential,BRONX,Closed
63577492,2025-01-01T00:11:03.000,2025-01-01T00:43:28.000,NYPD,Noise - Street/Sidewalk,BROOKLYN,Closed
63578992,2025-01-01T00:11:05.000,2025-01-01T00:29:25.000,NYPD,Illegal Fireworks,BROOKLYN,Closed
63577405,2025-01-01T00:11:09.000,2025-01-01T00:26:00.000,NYPD,Illegal Fireworks,BROOKLYN,Closed
63575942,2025-01-01T00:11:14.000,2025-01-01T00:45:33.000,NYPD,Noise - Street/Sidewalk,BROOKLYN,Closed
63579326,2025-01-01T00:11:23.000,2025-01-01T00:20:56.000,NYPD,Noise - Street/Sidewalk,QUEENS,Closed
63580664,2025-01-01T00:11:35.000,2025-01-01T00:24:49.000,NYPD,Illegal Fireworks,BROOKLYN,Closed
63581438,2025-01-01T00:11:38.000,2025-01-02T17:08:18.000,NYPD,Noise - Residential,BRONX,Closed
63576463,2025-01-01T00:11:39.000,2025-01-01T02:18:56.000,NYPD,Illegal Parking,MANHATTAN,Closed
63576165,2025-01-01T00:11:41.000,2025-01-01T23:21:21.000,NYPD,Noise - Residential,BRONX,Closed
63582779,2025-01-01T00:11:41.000,2025-01-01T00:52:57.000,NYPD,Noise - Street/Sidewalk,MANHATTAN,Closed
63572778,2025-01-01T00:11:43.000,2025-01-01T00:17:22.000,NYPD,Noise - Street/Sidewalk,BROOKLYN,Closed
63577267,2025-01-01T00:11:44.000,2025-01-01T00:47:03.000,NYPD,Noise - Commercial,BROOKLYN,Closed
63573490,2025-01-01T00:11:45.000,2025-01-01T00:59:59.000,NYPD,Illegal Parking,STATEN ISLAND,Closed
63572310,2025-01-01T00:11:45.000,2025-01-01T01:21:57.000,NYPD,Illegal Fireworks,QUEENS,Closed
63573999,2025-01-01T00:11:47.000,2025-01-01T00:53:33.000,NYPD,Illegal Fireworks,STATEN ISLAND,Closed
63583321,2025-01-01T00:11:48.000,2025-01-01T09:01:33.000,NYPD,Noise - Residential,BRONX,Closed
63574004,2025-01-01T00:11:50.000,2025-01-01T00:52:56.000,NYPD,Illegal Fireworks,BROOKLYN,Closed
63575958,2025-01-01T00:12:12.000,2025-01-01T00:22:11.000,NYPD,Noise - Street/Sidewalk,MANHATTAN,Closed
63579002,2025-01-01T00:12:13.000,2025-01-01T01:10:35.000,NYPD,Illegal Fireworks,QUEENS,Closed
63579860,2025-01-01T00:12:16.000,2025-01-02T16:30:18.000,NYPD,Noise - Residential,BRONX,Closed
63572396,2025-01-01T00:12:21.000,2025-01-01T01:22:53.000,NYPD,Illegal Fireworks,MANHATTAN,Closed
63573369,2025-01-01T00:12:24.000,2025-01-01T01:18:42.000,NYPD,Illegal Parking,BRONX,Closed
63573896,2025-01-01T00:12:24.000,2025-01-01T00:19:15.000,NYPD,Blocked Driveway,BROOKLYN,Closed
63576848,2025-01-01T00:12:26.000,2025-01-01T01:09:12.000,NYPD,Illegal Parking,QUEENS,Closed
63577381,2025-01-01T00:12:28.000,2025-01-01T00:33:50.000,NYPD,Illegal Fireworks,STATEN ISLAND,Closed
63576278,2025-01-01T00:12:32.000,2025-01-01T02:03:48.000,NYPD,Illegal Fireworks,QUEENS,Closed
63587695,2025-01-01T00:12:32.000,2025-01-04T14:12:23.000,HPD,HEAT/HOT WATER,BRONX,Closed
63579669,2025-01-01T00:12:33.000,2025-01-01T09:01:24.000,NYPD,Noise - Residential,BRONX,Closed
63573872,2025-01-01T00:12:34.000,2025-01-01T00:43:50.000,NYPD,Blocked Driveway,BROOKLYN,Closed
63588885,2025-01-01T00:12:41.000,2025-01-02T19:46:23.000,HPD,HEAT/HOT WATER,BROOKLYN,Closed
63586823,2025-01-01T00:12:41.000,2025-01-05T15:06:23.000,HPD,PLUMBING,BROOKLYN,Closed
63584106,2025-01-01T00:12:44.000,2025-01-01T00:50:49.000,NYPD,Illegal Fireworks,MANHATTAN,Closed
63573995,2025-01-01T00:12:46.000,2025-01-01T00:44:06.000,NYPD,Illegal Fireworks,BROOKLYN,Closed
63584233,2025-01-01T00:12:49.000,2025-01-01T00:53:47.000,NYPD,Illegal Fireworks,QUEENS,Closed
63584826,2025-01-01T00:12:54.000,2025-01-02T17:08:13.000,NYPD,Noise - Residential,BRONX,Closed
63577679,2025-01-01T00:12:58.000,2025-01-01T01:32:51.000,NYPD,Noise - Street/Sidewalk,BRONX,Closed
63582422,2025-01-01T00:13:00.000,2025-01-01T00:44:09.000,NYPD,Illegal Fireworks,BROOKLYN,Closed
63579202,2025-01-01T00:13:03.000,2025-01-01T00:30:14.000,NYPD,Illegal Fireworks,STATEN ISLAND,Closed
63579461,2025-01-01T00:13:05.000,2025-01-01T00:16:06.000,NYPD,Noise - Street/Sidewalk,BROOKLYN,Closed
63585168,2025-01-01T00:13:05.000,2025-01-01T04:42:59.000,NYPD,Noise - Street/Sidewalk,BROOKLYN,Closed
63583643,2025-01-01T00:13:12.000,2025-01-01T01:00:36.000,NYPD,Illegal Parking,BROOKLYN,Closed
63577513,2025-01-01T00:13:14.000,2025-01-01T00:46:38.000,NYPD,Illegal Fireworks,BROOKLYN,Closed
63573981,2025-01-01T00:13:18.000,2025-01-01T00:43:15.000,NYPD,Illegal Fireworks,BROOKLYN,Closed
63576520,2025-01-01T00:13:20.000,2025-01-01T08:38:11.000,NYPD,Noise - Residential,BRONX,Closed
63595150,2025-01-01T00:13:21.000,2025-01-02T13:49:04.000,HPD,HEAT/HOT WATER,BRONX,Closed
63588095,2025-01-01T00:13:24.000,2025-01-03T11:55:29.000,HPD,UNSANITARY CONDITION,BRONX,Closed
63591541,2025-01-01T00:13:24.000,2025-01-03T11:55:29.000,HPD,PLUMBING,BRONX,Closed
63586859,2025-01-01T00:13:24.000,2025-01-03T11:55:29.000,HPD,UNSANITARY CONDITION,BRONX,Closed
63594017,2025-01-01T00:13:24.000,2025-01-03T11:55:29.000,HPD,PAINT/PLASTER,BRONX,Closed
63581600,2025-01-01T00:13:32.000,2025-01-02T17:09:58.000,NYPD,Noise - Residential,BRONX,Closed
63582379,2025-01-01T00:13:32.000,2025-01-01T00:42:13.000,NYPD,Illegal Fireworks,STATEN ISLAND,Closed
63584027,2025-01-01T00:13:46.000,2025-01-01T00:45:40.000,NYPD,Illegal Fireworks,STATEN ISLAND,Closed
63575986,2025-01-01T00:13:55.000,2025-01-01T00:24:12.000,NYPD,Noise - Street/Sidewalk,MANHATTAN,Closed
63577253,2025-01-01T00:13:59.000,2025-01-01T00:46:14.000,NYPD,Illegal Fireworks,BROOKLYN,Closed
63584943,2025-01-01T00:14:05.000,2025-01-01T09:01:27.000,NYPD,Noise - Residential,BRONX,Closed
63581415,2025-01-01T00:14:10.000,2025-01-02T17:07:28.000,NYPD,Noise - Residential,BRONX,Closed
63574013,2025-01-01T00:14:11.000,2025-01-01T01:07:17.000,NYPD,Noise - Residential,BRONX,Closed
63576955,2025-01-01T00:14:18.000,2025-01-01T00:26:07.000,NYPD,Noise - Residential,MANHATTAN,Closed
63576523,2025-01-01T00:14:23.000,2025-01-01T02:13:04.000,NYPD,Noise - Residential,BRONX,Closed
63584551,2025-01-01T00:14:26.000,2025-01-01T00:33:53.000,NYPD,Noise - Street/Sidewalk,QUEENS,Closed
63578998,2025-01-01T00:14:31.000,2025-01-01T00:50:03.000,NYPD,Illegal Fireworks,BRONX,Closed
63575610,2025-01-01T00:14:36.000,2025-01-01T01:24:37.000,NYPD,Illegal Fireworks,STATEN ISLAND,Closed
63575585,2025-01-01T00:14:38.000,2025-01-01T00:35:30.000,NYPD,Illegal Fireworks,BROOKLYN,Closed
63575654,2025-01-01T00:14:38.000,2025-01-01T01:22:05.000,NYPD,Illegal Fireworks,BROOKLYN,Closed
63580720,2025-01-01T00:14:40.000,2025-01-01T00:34:54.000,NYPD,Noise - Commercial,MANHATTAN,Closed
63578640,2025-01-01T00:14:41.000,2025-01-01T01:06:08.000,NYPD,Drug Activity,QUEENS,Closed
63579069,2025-01-01T00:14:42.000,2025-01-01T00:28:16.000,NYPD,Noise - Residential,QUEENS,Closed
63574921,2025-01-01T00:14:49.000,2025-01-02T16:30:18.000,NYPD,Noise - Residential,BRONX,Closed
63580646,2025-01-01T00:14:49.000,2025-01-01T00:18:51.000,NYPD,Illegal Fireworks,QUEENS,Closed
63581108,2025-01-01T00:14:49.000,2025-01-01T00:17:25.000,NYPD,Noise - Street/Sidewalk,BROOKLYN,Closed
63583953,2025-01-01T00:14:50.000,2025-01-02T01:36:35.000,NYPD,Blocked Driveway,BRONX,Closed
63574532,2025-01-01T00:14:51.000,2025-01-01T09:01:36.000,NYPD,Noise - Residential,BRONX,Closed
63572311,2025-01-01T00:14:54.000,2025-01-01T01:19:02.000,NYPD,Illegal Fireworks,BROOKLYN,Closed
63575581,2025-01-01T00:14:55.000,2025-01-01T00:51:53.000,NYPD,Illegal Fireworks,BROOKLYN,Closed
63575609,2025-01-01T00:15:07.000,2025-01-01T00:40:32.000,NYPD,Illegal Fireworks,QUEENS,Closed
63580775,2025-01-01T00:15:10.000,2025-01-01T00:35:30.000,NYPD,Noise - Residential,MANHATTAN,Closed
63578839,2025-01-01T00:15:17.000,2025-02-12T22:19:15.000,DOHMH,Smoking or Vaping,BRONX,Closed
63577707,2025-01-01T00:15:20.000,2025-01-01T00:43:11.000,NYPD,Noise - Street/Sidewalk,QUEENS,Closed
63572373,2025-01-01T00:15:20.000,2025-01-01T01:23:02.000,NYPD,Illegal Fireworks,BROOKLYN,Closed
63582394,2025-01-01T00:15:23.000,2025-01-01T00:21:14.000,NYPD,Noise - House of Worship,BROOKLYN,Closed
63582563,2025-01-01T00:15:27.000,2025-01-01T00:57:31.000,NYPD,Noise - Residential,MANHATTAN,Closed
63583035,2025-01-01T00:15:27.000,2025-01-02T17:07:26.000,NYPD,Noise - Residential,BRONX,Closed
63574393,2025-01-01T00:15:28.000,2025-01-01T01:08:34.000,NYPD,Noise - Street/Sidewalk,QUEENS,Closed
63580560,2025-01-01T00:15:35.000,2025-01-01T02:41:26.000,NYPD,Blocked Driveway,BROOKLYN,Closed
63581333,2025-01-01T00:15:35.000,2025-01-01T09:41:52.000,NYPD,Noise - Commercial,MANHATTAN,Closed
63579862,2025-01-01T00:15:37.000,2025-01-01T09:02:04.000,NYPD,Noise - Residential,BRONX,Closed
63574138,2025-01-01T00:15:51.000,2025-01-01T01:02:58.000,NYPD,Noise - Residential,BRONX,Closed
63579424,2025-01-01T00:15:51.000,2025-01-01T01:39:49.000,NYPD,Noise - Residential,QUEENS,Closed
63576705,2025-01-01T00:15:53.000,2025-01-01T01:05:33.000,NYPD,Illegal Parking,MANHATTAN,Closed
63583787,2025-01-01T00:15:59.000,2025-01-01T01:03:25.000,NYPD,Illegal Parking,QUEENS,Closed
63582378,2025-01-01T00:16:03.000,2025-01-01T01:15:52.000,NYPD,Illegal Fireworks,BROOKLYN,Closed
63573072,2025-01-01T00:16:05.000,2025-01-02T17:03:45.000,NYPD,Noise - Residential,BRONX,Closed
63578997,2025-01-01T00:16:06.000,2025-01-01T00:55:37.000,NYPD,Illegal Fireworks,STATEN ISLAND,Closed
63577660,2025-01-01T00:16:08.000,2025-01-01T00:57:47.000,NYPD,Noise - Residential,BRONX,Closed
63572367,2025-01-01T00:16:10.000,2025-01-01T00:50:47.000,NYPD,Noise - Park,QUEENS,Closed
63578981,2025-01-01T00:16:20.000,2025-01-01T01:06:07.000,NYPD,Illegal Fireworks,QUEENS,Closed
63583479,2025-01-01T00:16:23.000,2025-01-01T08:38:12.000,NYPD,Noise - Residential,BRONX,Closed
63572630,2025-01-01T00:16:24.000,2025-01-01T00:57:02.000,NYPD,Noise - Residential,BROOKLYN,Closed
63579303,2025-01-01T00:16:30.000,2025-01-01T01:39:17.000,NYPD,Noise - Residential,BROOKLYN,Closed
63572887,2025-01-01T00:16:33.000,2025-01-01T02:03:58.000,NYPD,Illegal Fireworks,QUEENS,Closed
63585086,2025-01-01T00:16:34.000,2025-01-01T01:59:24.000,NYPD,Illegal Fireworks,QUEENS,Closed
63575653,2025-01-01T00:16:37.000,2025-01-01T00:27:03.000,NYPD,Illegal Fireworks,BROOKLYN,Closed
63576013,2025-01-01T00:16:37.000,2025-01-01T00:25:43.000,NYPD,Noise - Residential,MANHATTAN,Closed
63579859,2025-01-01T00:16:43.000,2025-01-02T16:30:19.000,NYPD,Noise - Residential,BRONX,Closed
63575672,2025-01-01T00:16:47.000,2025-01-01T00:47:12.000,NYPD,Illegal Fireworks,QUEENS,Closed
63579020,2025-01-01T00:16:48.000,2025-01-01T01:35:56.000,NYPD,Noise - Commercial,MANHATTAN,Closed
63577361,2025-01-01T00:16:53.000,2025-01-01T01:37:35.000,NYPD,Illegal Fireworks,QUEENS,Closed
63589078,2025-01-01T00:17:01.000,2025-01-01T00:17:01.000,DOB,General Construction/Plumbing,STATEN ISLAND,Open
63575686,2025-01-01T00:17:04.000,2025-01-01T00:46:11.000,NYPD,Illegal Fireworks,BROOKLYN,Closed
63574075,2025-01-01T00:17:06.000,2025-01-01T00:32:23.000,NYPD,Noise - Residential,BROOKLYN,Closed
63579758,2025-01-01T00:17:09.000,2025-01-01T09:02:02.000,NYPD,Noise - Residential,BRONX,Closed
63577537,2025-01-01T00:17:13.000,2025-01-01T01:39:54.000,NYPD,Noise - Residential,QUEENS,Closed
63579000,2025-01-01T00:17:14.000,2025-01-01T00:29:24.000,NYPD,Illegal Fireworks,BROOKLYN,Closed
63582501,2025-01-01T00:17:14.000,2025-01-01T01:20:08.000,NYPD,Noise - Residential,BROOKLYN,Closed
63583198,2025-01-01T00:17:16.000,2025-01-01T02:08:18.000,NYPD,Noise - Residential,QUEENS,Closed
63579203,2025-01-01T00:17:16.000,2025-01-01T01:11:01.000,NYPD,Illegal Fireworks,STATEN ISLAND,Closed
63582815,2025-01-01T00:17:17.000,2025-01-01T00:44:47.000,NYPD,Noise - Residential,QUEENS,Closed
63579861,2025-01-01T00:17:21.000,2025-01-02T17:09:56.000,NYPD,Noise - Residential,BRONX,Closed
63583287,2025-01-01T00:17:39.000,2025-01-01T01:53:27.000,NYPD,Illegal Parking,BRONX,Closed
63572312,2025-01-01T00:17:41.000,2025-01-01T00:30:38.000,NYPD,Illegal Fireworks,BROOKLYN,Closed
63580610,2025-01-01T00:17:41.000,2025-01-01T00:40:56.000,NYPD,Blocked Driveway,QUEENS,Closed
63579168,2025-01-01T00:17:41.000,2025-01-01T00:18:22.000,NYPD,Noise - Residential,BROOKLYN,Closed
63577365,2025-01-01T00:17:42.000,2025-01-01T00:25:25.000,NYPD,Illegal Fireworks,BROOKLYN,Closed
63577337,2025-01-01T00:17:47.000,2025-01-01T00:45:40.000,NYPD,Illegal Fireworks,QUEENS,Closed
63582733,2025-01-01T00:17:48.000,2025-01-01T00:41:10.000,NYPD,Noise - Street/Sidewalk,MANHATTAN,Closed
63583467,2025-01-01T00:17:55.000,2025-01-01T09:02:02.000,NYPD,Noise - Residential,BRONX,Closed
63581700,2025-01-01T00:17:59.000,2025-01-02T17:03:44.000,NYPD,Noise - Residential,BRONX,Closed
63575630,2025-01-01T00:18:01.000,2025-01-01T00:41:24.000,NYPD,Illegal Fireworks,QUEENS,Closed
63579174,2025-01-01T00:18:05.000,2025-01-01T00:24:23.000,NYPD,Noise - Residential,MANHATTAN,Closed
63584026,2025-01-01T00:18:05.000,2025-01-01T00:50:51.000,NYPD,Illegal Fireworks,BRONX,Closed
63572892,2025-01-01T00:18:13.000,2025-01-02T02:04:28.000,NYPD,Illegal Parking,BRONX,Closed
63579014,2025-01-01T00:18:13.000,2025-01-01T00:55:57.000,NYPD,Illegal Fireworks,QUEENS,Closed
63579397,2025-01-01T00:18:13.000,2025-01-01T00:32:08.000,NYPD,Noise - Street/Sidewalk,MANHATTAN,Closed
63572704,2025-01-01T00:18:15.000,2025-01-01T00:32:57.000,NYPD,Noise - Street/Sidewalk,MANHATTAN,Closed
63572794,2025-01-01T00:18:17.000,2025-01-01T00:25:21.000,NYPD,Noise - Street/Sidewalk,MANHATTAN,Closed
63574383,2025-01-01T00:18:23.000,2025-01-01T01:04:44.000,NYPD,Noise - Street/Sidewalk,QUEENS,Closed
63585085,2025-01-01T00:18:31.000,2025-01-01T23:45:24.000,NYPD,Illegal Fireworks,BRONX,Closed
63574585,2025-01-01T00:18:37.000,2025-01-02T17:05:54.000,NYPD,Noise - Residential,BRONX,Closed
63573231,2025-01-01T00:18:43.000,2025-01-01T09:02:05.000,NYPD,Noise - Residential,BRONX,Closed
63579460,2025-01-01T00:18:51.000,2025-01-01T00:25:55.000,NYPD,Noise - Street/Sidewalk,MANHATTAN,Closed
63577485,2025-01-01T00:18:53.000,2025-01-01T00:56:42.000,NYPD,Illegal Fireworks,QUEENS,Closed
63582829,2025-01-01T00:18:55.000,2025-01-01T00:41:42.000,NYPD,Noise - Street/Sidewalk,QUEENS,Closed
63572256,2025-01-01T00:19:00.000,2025-01-01T00:19:00.000,DOT,Traffic Signal Condition,QUEENS,Closed
63577252,2025-01-01T00:19:05.000,2025-01-01T01:46:20.000,NYPD,Illegal Fireworks,STATEN ISLAND,Closed
63577523,2025-01-01T00:19:07.000,2025-01-01T01:39:00.000,NYPD,Illegal Fireworks,BROOKLYN,Closed
63582698,2025-01-01T00:19:07.000,2025-01-01T00:26:42.000,NYPD,Noise - Residential,MANHATTAN,Closed
63574689,2025-01-01T00:19:15.000,2025-01-02T17:03:43.000,NYPD,Noise - Residential,BRONX,Closed
63582381,2025-01-01T00:19:24.000,2025-01-01T00:52:51.000,NYPD,Illegal Fireworks,STATEN ISLAND,Closed
63576540,2025-01-01T00:19:27.000,2025-01-01T09:02:03.000,NYPD,Noise - Residential,BRONX,Closed
63573953,2025-01-01T00:19:28.000,2025-01-01T00:52:03.000,NYPD,Noise - Commercial,BROOKLYN,Closed
63579009,2025-01-01T00:19:34.000,2025-01-01T00:30:15.000,NYPD,Illegal Fireworks,BROOKLYN,Closed
63580711,2025-01-01T00:19:37.000,2025-01-01T01:16:24.000,NYPD,Illegal Fireworks,BROOKLYN,Closed
63578106,2025-01-01T00:19:42.000,2025-01-01T02:31:55.000,NYPD,Noise - Street/Sidewalk,QUEENS,Closed
63572979,2025-01-01T00:19:55.000,2025-01-02T17:07:29.000,NYPD,Noise - Residential,BRONX,Closed
63579398,2025-01-01T00:19:55.000,2025-01-01T00:54:45.000,NYPD,Noise - Street/Sidewalk,QUEENS,Closed
63576023,2025-01-01T00:19:59.000,2025-01-01T00:20:44.000,NYPD,Noise - Street/Sidewalk,BROOKLYN,Closed
63573442,2025-01-01T00:19:59.000,2025-01-01T01:44:18.000,NYPD,Illegal Parking,BROOKLYN,Closed
63583708,2025-01-01T00:20:02.000,2025-01-01T01:18:20.000,NYPD,Illegal Parking,BROOKLYN,Closed
63576370,2025-01-01T00:20:13.000,2025-01-01T09:01:05.000,NYPD,Noise - Residential,BRONX,Closed
63573934,2025-01-01T00:20:14.000,2025-01-01T00:56:15.000,NYPD,Illegal Fireworks,MANHATTAN,Closed
63572329,2025-01-01T00:20:19.000,2025-01-01T00:48:58.000,NYPD,Illegal Fireworks,QUEENS,Closed
63584235,2025-01-01T00:20:19.000,2025-01-01T00:55:10.000,NYPD,Illegal Fireworks,MANHATTAN,Closed
63575566,2025-01-01T00:20:21.000,2025-01-01T00:50:02.000,NYPD,Illegal Fireworks,QUEENS,Closed
63577364,2025-01-01T00:20:26.000,2025-01-01T00:41:08.000,NYPD,Illegal Fireworks,STATEN ISLAND,Closed
63584155,2025-01-01T00:20:33.000,2025-01-01T00:29:08.000,NYPD,Noise - Residential,QUEENS,Closed
63579389,2025-01-01T00:20:40.000,2025-01-01T00:43:07.000,NYPD,Noise - Residential,MANHATTAN,Closed
63574394,2025-01-01T00:20:42.000,2025-01-01T00:35:25.000,NYPD,Noise - Street/Sidewalk,MANHATTAN,Closed
63582585,2025-01-01T00:20:57.000,2025-01-01T00:36:16.000,NYPD,Noise - Residential,QUEENS,Closed
63578368,2025-01-01T00:21:00.000,2025-01-01T08:38:13.000,NYPD,Noise - Residential,BRONX,Closed
63579391,2025-01-01T00:21:02.000,2025-01-01T00:52:50.000,NYPD,Noise - Street/Sidewalk,MANHATTAN,Closed
63582718,2025-01-01T00:21:05.000,2025-01-01T00:35:44.000,NYPD,Noise - Street/Sidewalk,MANHATTAN,Closed
63575343,2025-01-01T00:21:06.000,2025-01-01T04:05:24.000,NYPD,Blocked Driveway,QUEENS,Closed
63584347,2025-01-01T00:21:06.000,2025-01-01T00:53:35.000,NYPD,Noise - Street/Sidewalk,BROOKLYN,Closed
63579004,2025-01-01T00:21:08.000,2025-01-01T00:56:06.000,NYPD,Illegal Fireworks,MANHATTAN,Closed
63582429,2025-01-01T00:21:09.000,2025-01-01T00:32:52.000,NYPD,Noise - Commercial,BROOKLYN,Closed
63583481,2025-01-01T00:21:11.000,2025-01-02T17:09:52.000,NYPD,Noise - Residential,BRONX,Closed
63577258,2025-01-01T00:21:22.000,2025-01-01T00:25:49.000,NYPD,Illegal Fireworks,BROOKLYN,Closed
63572792,2025-01-01T00:21:23.000,2025-01-01T00:30:27.000,NYPD,Noise - Street/Sidewalk,QUEENS,Closed
63582833,2025-01-01T00:21:29.000,2025-01-01T00:26:20.000,NYPD,Noise - Street/Sidewalk,BROOKLYN,Closed
63592755,2025-01-01T00:21:36.000,2025-01-04T10:59:02.000,HPD,HEAT/HOT WATER,MANHATTAN,Closed
63579098,2025-01-01T00:21:43.000,2025-01-01T00:58:47.000,NYPD,Illegal Fireworks,QUEENS,Closed
63577131,2025-01-01T00:21:44.000,2025-01-01T01:30:46.000,NYPD,Illegal Parking,BROOKLYN,Closed
63581534,2025-01-01T00:21:46.000,2025-01-01T09:02:06.000,NYPD,Noise - Residential,BRONX,Closed
63576539,2025-01-01T00:21:48.000,2025-01-02T16:30:20.000,NYPD,Noise - Residential,BRONX,Closed
63583387,2025-01-01T00:21:54.000,2025-01-01T02:02:14.000,NYPD,Noise - Residential,MANHATTAN,Closed
63577122,2025-01-01T00:22:00.000,2025-01-01T07:05:00.000,DOT,Traffic Signal Condition,QUEENS,Closed
63583480,2025-01-01T00:22:00.000,2025-01-01T02:28:03.000,NYPD,Noise - Residential,QUEENS,Closed
63572625,2025-01-01T00:22:08.000,2025-01-01T00:34:20.000,NYPD,Noise - Residential,BROOKLYN,Closed
63580807,2025-01-01T00:22:21.000,2025-01-01T00:33:56.000,NYPD,Illegal Fireworks,QUEENS,Closed
63576233,2025-01-01T00:22:26.000,2025-01-02T17:09:53.000,NYPD,Noise - Residential,BRONX,Closed
63579017,2025-01-01T00:22:28.000,2025-01-01T01:12:30.000,NYPD,Illegal Fireworks,BROOKLYN,Closed
63574688,2025-01-01T00:22:32.000,2025-01-01T09:01:06.000,NYPD,Noise - Residential,BRONX,Closed
63573936,2025-01-01T00:22:38.000,2025-01-01T01:20:56.000,NYPD,Illegal Fireworks,BROOKLYN,Closed
63577652,2025-01-01T00:22:39.000,2025-01-01T01:20:16.000,NYPD,Noise - Street/Sidewalk,BROOKLYN,Closed
63578991,2025-01-01T00:22:55.000,2025-01-01T01:20:17.000,NYPD,Illegal Fireworks,BROOKLYN,Closed
63583092,2025-01-01T00:22:55.000,2025-01-01T14:35:16.000,NYPD,Noise - Residential,MANHATTAN,Closed
63572559,2025-01-01T00:23:00.000,2025-01-01T00:47:46.000,NYPD,Noise - Residential,BROOKLYN,Closed
63574251,2025-01-01T00:23:02.000,2025-01-01T00:27:09.000,NYPD,Noise - Residential,MANHATTAN,Closed
63584965,2025-01-01T00:23:04.000,2025-01-02T17:11:26.000,NYPD,Noise - Residential,BRONX,Closed
63575632,2025-01-01T00:23:06.000,2025-01-01T01:21:40.000,NYPD,Illegal Fireworks,QUEENS,Closed
63575580,2025-01-01T00:23:11.000,2025-01-01T00:44:56.000,NYPD,Illegal Fireworks,STATEN ISLAND,Closed
63579046,2025-01-01T00:23:14.000,2025-01-01T01:04:00.000,NYPD,Noise - Residential,BRONX,Closed
63584964,2025-01-01T00:23:18.000,2025-01-01T09:02:20.000,NYPD,Noise - Residential,BRONX,Closed
63577402,2025-01-01T00:23:21.000,2025-01-01T00:54:36.000,NYPD,Noise - Residential,MANHATTAN,Closed
63579007,2025-01-01T00:23:25.000,2025-01-01T00:35:51.000,NYPD,Illegal Fireworks,STATEN ISLAND,Closed
63584079,2025-01-01T00:23:27.000,2025-01-01T01:13:43.000,NYPD,Noise - Residential,QUEENS,Closed
63577350,2025-01-01T00:23:31.000,2025-01-01T01:03:14.000,NYPD,Noise - Residential,BRONX,Closed
63573793,2025-01-01T00:23:36.000,2025-01-01T01:57:27.000,NYPD,Blocked Driveway,BROOKLYN,Closed
63573935,2025-01-01T00:23:39.000,2025-01-01T00:25:37.000,NYPD,Illegal Fireworks,BROOKLYN,Closed
63575681,2025-01-01T00:23:41.000,2025-01-01T01:18:04.000,NYPD,Illegal Fireworks,BROOKLYN,Closed
63583417,2025-01-01T00:23:42.000,2025-01-02T17:08:18.000,NYPD,Noise - Residential,BRONX,Closed
63582720,2025-01-01T00:23:45.000,2025-01-01T00:41:35.000,NYPD,Noise - Street/Sidewalk,MANHATTAN,Closed
63581897,2025-01-01T00:23:51.000,2025-01-01T01:22:10.000,NYPD,Illegal Parking,BROOKLYN,Closed
63584869,2025-01-01T00:23:52.000,2025-01-01T02:08:38.000,NYPD,Noise - Street/Sidewalk,QUEENS,Closed
63576485,2025-01-01T00:23:54.000,2025-01-01T13:00:07.000,NYPD,Noise - Residential,QUEENS,Closed
63579093,2025-01-01T00:23:57.000,2025-01-01T00:55:00.000,NYPD,Illegal Fireworks,MANHATTAN,Closed
63583117,2025-01-01T00:24:04.000,2025-01-01T08:38:14.000,NYPD,Noise - Residential,BRONX,Closed
63581952,2025-01-01T00:24:07.000,2025-01-01T00:45:12.000,NYPD,Illegal Parking,BROOKLYN,Closed
63582586,2025-01-01T00:24:09.000,2025-01-01T00:41:08.000,NYPD,Noise - Residential,MANHATTAN,Closed
63574364,2025-01-01T00:24:13.000,2025-01-01T00:39:11.000,NYPD,Noise - Street/Sidewalk,MANHATTAN,Closed
63583029,2025-01-01T00:24:20.000,2025-01-01T05:07:49.000,NYPD,Noise - Residential,MANHATTAN,Closed
63583118,2025-01-01T00:24:20.000,2025-01-02T17:09:56.000,NYPD,Noise - Residential,BRONX,Closed
63582517,2025-01-01T00:24:42.000,2025-01-01T00:51:30.000,NYPD,Illegal Fireworks,BRONX,Closed
63575227,2025-01-01T00:24:47.000,2025-01-01T00:43:11.000,NYPD,Illegal Fireworks,QUEENS,Closed
63572375,2025-01-01T00:24:47.000,2025-01-01T01:30:34.000,NYPD,Illegal Fireworks,QUEENS,Closed
63573997,2025-01-01T00:24:48.000,2025-01-01T00:48:09.000,NYPD,Illegal Fireworks,QUEENS,Closed
63581399,2025-01-01T00:24:49.000,2025-01-01T09:01:06.000,NYPD,Noise - Residential,BRONX,Closed
63573975,2025-01-01T00:24:52.000,2025-01-01T00:43:46.000,NYPD,Illegal Fireworks,QUEENS,Closed
63582521,2025-01-01T00:24:58.000,2025-01-01T00:41:47.000,NYPD,Illegal Fireworks,BROOKLYN,Closed
63583173,2025-01-01T00:24:59.000,2025-01-02T17:05:53.000,NYPD,Noise - Residential,BRONX,Closed
63577382,2025-01-01T00:25:05.000,2025-01-01T00:57:18.000,NYPD,Illegal Fireworks,QUEENS,Closed
63577678,2025-01-01T00:25:12.000,2025-01-01T00:26:24.000,NYPD,Noise - Street/Sidewalk,BROOKLYN,Closed
63581544,2025-01-01T00:25:14.000,2025-01-01T05:08:06.000,NYPD,Noise - Residential,MANHATTAN,Closed
63584524,2025-01-01T00:25:21.000,2025-01-01T00:39:34.000,NYPD,Noise - Street/Sidewalk,MANHATTAN,Closed
63577658,2025-01-01T00:25:31.000,2025-01-01T00:52:33.000,NYPD,Noise - Residential,MANHATTAN,Closed
63573949,2025-01-01T00:25:33.000,2025-01-01T00:44:06.000,NYPD,Illegal Fireworks,BROOKLYN,Closed
63577370,2025-01-01T00:25:34.000,2025-01-01T00:31:57.000,NYPD,Noise - Commercial,MANHATTAN,Closed
63578041,2025-01-01T00:25:36.000,2025-01-01T09:02:20.000,NYPD,Noise - Residential,BRONX,Closed
63583069,2025-01-01T00:25:37.000,2025-01-02T17:05:54.000,NYPD,Noise - Residential,BRONX,Closed
63573954,2025-01-01T00:25:45.000,2025-01-01T01:07:36.000,NYPD,Noise - Commercial,MANHATTAN,Closed
63572632,2025-01-01T00:25:51.000,2025-01-01T00:54:24.000,NYPD,Noise - Residential,MANHATTAN,Closed
63577702,2025-01-01T00:25:55.000,2025-01-01T00:53:30.000,NYPD,Noise - Street/Sidewalk,QUEENS,Closed
63579262,2025-01-01T00:26:08.000,2025-01-01T00:45:07.000,NYPD,Noise - Residential,QUEENS,Closed
63579858,2025-01-01T00:26:15.000,2025-01-02T17:09:57.000,NYPD,Noise - Residential,BRONX,Closed
63584541,2025-01-01T00:26:20.000,2025-01-01T00:27:18.000,NYPD,Noise - Street/Sidewalk,BROOKLYN,Closed
63576214,2025-01-01T00:26:24.000,2025-01-01T09:01:53.000,NYPD,Noise - Residential,BRONX,Closed
63582371,2025-01-01T00:26:24.000,2025-01-01T00:50:18.000,NYPD,Illegal Fireworks,BROOKLYN,Closed
63573977,2025-01-01T00:26:27.000,2025-01-01T00:57:34.000,NYPD,Illegal Fireworks,QUEENS,Closed
63577748,2025-01-01T00:26:30.000,2025-01-01T01:48:12.000,NYPD,Noise - Street/Sidewalk,QUEENS,Closed
63580667,2025-01-01T00:26:34.000,2025-01-01T00:52:15.000,NYPD,Noise - Commercial,BROOKLYN,Closed
63574003,2025-01-01T00:26:37.000,2025-01-01T01:00:03.000,NYPD,Illegal Fireworks,STATEN ISLAND,Closed
63577260,2025-01-01T00:26:54.000,2025-01-01T00:52:19.000,NYPD,Noise - Commercial,BROOKLYN,Closed
63573583,2025-01-01T00:26:57.000,2025-01-01T01:23:37.000,NYPD,Encampment,MANHATTAN,Closed
63574073,2025-01-01T00:26:59.000,2025-01-01T00:48:14.000,NYPD,Noise - Residential,MANHATTAN,Closed
63582675,2025-01-01T00:27:07.000,2025-01-01T01:34:12.000,NYPD,Noise - Residential,BRONX,Closed
63583199,2025-01-01T00:27:08.000,2025-01-01T09:01:54.000,NYPD,Noise - Residential,BRONX,Closed
63584209,2025-01-01T00:27:15.000,2025-01-01T00:47:06.000,NYPD,Illegal Fireworks,BROOKLYN,Closed
63574639,2025-01-01T00:27:31.000,2025-01-02T17:08:20.000,NYPD,Noise - Residential,BRONX,Closed
63586558,2025-01-01T00:27:35.000,2025-01-02T23:06:06.000,HPD,HEAT/HOT WATER,BROOKLYN,Closed
63577363,2025-01-01T00:27:37.000,2025-01-01T01:29:05.000,NYPD,Illegal Fireworks,BRONX,Closed
63587671,2025-01-01T00:27:37.000,2025-01-02T23:06:06.000,HPD,HEAT/HOT WATER,BROOKLYN,Closed
63582759,2025-01-01T00:27:41.000,2025-01-01T01:03:29.000,NYPD,Noise - Residential,BRONX,Closed
63577483,2025-01-01T00:27:42.000,2025-01-01T00:43:23.000,NYPD,Illegal Fireworks,BROOKLYN,Closed
63572566,2025-01-01T00:27:44.000,2025-01-01T01:34:39.000,NYPD,Noise - Residential,BRONX,Closed
63584525,2025-01-01T00:27:50.000,2025-01-01T01:19:52.000,NYPD,Noise - Street/Sidewalk,QUEENS,Closed
63581366,2025-01-01T00:27:54.000,2025-01-01T09:01:34.000,NYPD,Noise - Residential,BRONX,Closed
63584997,2025-01-01T00:28:01.000,2025-01-01T02:14:17.000,NYPD,Illegal Fireworks,STATEN ISLAND,Closed
63582732,2025-01-01T00:28:01.000,2025-01-01T01:13:19.000,NYPD,Noise - Street/Sidewalk,BROOKLYN,Closed
63583294,2025-01-01T00:28:01.000,2025-01-01T23:44:59.000,NYPD,Illegal Fireworks,BRONX,Closed
63573906,2025-01-01T00:28:05.000,2025-01-01T00:28:50.000,NYPD,Blocked Driveway,BROOKLYN,Closed
63575579,2025-01-01T00:28:09.000,2025-01-01T00:29:08.000,NYPD,Illegal Fireworks,BROOKLYN,Closed
63579706,2025-01-01T00:28:09.000,2025-01-02T17:11:33.000,NYPD,Noise - Residential,BRONX,Closed
63573973,2025-01-01T00:28:10.000,2025-01-01T00:54:00.000,NYPD,Illegal Fireworks,BROOKLYN,Closed
63582700,2025-01-01T00:28:18.000,2025-01-01T00:42:34.000,NYPD,Noise - Street/Sidewalk,BROOKLYN,Closed
63584107,2025-01-01T00:28:20.000,2025-01-01T01:16:57.000,NYPD,Illegal Fireworks,QUEENS,Closed
63572350,2025-01-01T00:28:27.000,2025-01-01T00:51:52.000,NYPD,Illegal Fireworks,STATEN ISLAND,Closed
63576507,2025-01-01T00:28:42.000,2025-01-01T09:01:35.000,NYPD,Noise - Residential,BRONX,Closed
63586985,2025-01-01T00:29:00.000,2025-01-07T12:29:00.000,DEP,Noise,BROOKLYN,Closed
63589443,2025-01-01T00:29:00.000,2025-01-07T13:00:00.000,DEP,Noise,BROOKLYN,Closed
63574729,2025-01-01T00:29:02.000,2025-01-01T02:02:45.000,NYPD,Illegal Fireworks,STATEN ISLAND,Closed
63585458,2025-01-01T00:29:11.000,2025-01-01T01:04:21.000,NYPD,Illegal Parking,QUEENS,Closed
63584942,2025-01-01T00:29:25.000,2025-01-02T17:05:54.000,NYPD,Noise - Residential,BRONX,Closed
63582372,2025-01-01T00:29:38.000,2025-01-01T01:21:05.000,NYPD,Illegal Fireworks,QUEENS,Closed
63581331,2025-01-01T00:29:41.000,2025-01-01T02:17:21.000,NYPD,Illegal Parking,QUEENS,Closed
63584115,2025-01-01T00:29:46.000,2025-01-01T01:02:52.000,NYPD,Noise - Commercial,QUEENS,Closed
63584292,2025-01-01T00:29:57.000,2025-01-01T00:43:12.000,NYPD,Noise - Residential,QUEENS,Closed
63577701,2025-01-01T00:29:59.000,2025-01-01T01:23:48.000,NYPD,Noise - Street/Sidewalk,BROOKLYN,Closed
63572609,2025-01-01T00:30:02.000,2025-01-01T01:17:49.000,NYPD,Noise - Residential,STATEN ISLAND,Closed
63578042,2025-01-01T00:30:04.000,2025-01-02T17:08:14.000,NYPD,Noise - Residential,BRONX,Closed
63577747,2025-01-01T00:30:09.000,2025-01-01T00:35:21.000,NYPD,Noise - Street/Sidewalk,MANHATTAN,Closed
63582810,2025-01-01T00:30:15.000,2025-01-01T01:11:15.000,NYPD,Noise - Residential,BROOKLYN,Closed
63579308,2025-01-01T00:30:15.000,2025-01-01T01:00:32.000,NYPD,Noise - Residential,BROOKLYN,Closed
63582553,2025-01-01T00:30:20.000,2025-01-01T01:09:09.000,NYPD,Noise - Residential,QUEENS,Closed
63582432,2025-01-01T00:30:20.000,2025-01-01T01:11:19.000,NYPD,Noise - Commercial,MANHATTAN,Closed
63583765,2025-01-01T00:30:23.000,2025-01-01T00:42:56.000,NYPD,Illegal Parking,BROOKLYN,Closed
63575989,2025-01-01T00:30:24.000,2025-01-01T01:00:16.000,NYPD,Noise - Street/Sidewalk,BROOKLYN,Closed
63580644,2025-01-01T00:30:32.000,2025-01-01T00:42:39.000,NYPD,Illegal Fireworks,BROOKLYN,Closed
63579665,2025-01-01T00:30:42.000,2025-01-02T17:03:50.000,NYPD,Noise - Residential,BRONX,Closed
63584220,2025-01-01T00:30:43.000,2025-01-01T00:40:12.000,NYPD,Illegal Fireworks,BROOKLYN,Closed
63579101,2025-01-01T00:30:52.000,2025-01-01T01:07:56.000,NYPD,Illegal Fireworks,MANHATTAN,Closed
63579394,2025-01-01T00:30:53.000,2025-01-01T01:19:33.000,NYPD,Noise - Street/Sidewalk,MANHATTAN,Closed
63572328,2025-01-01T00:30:55.000,2025-01-01T01:22:16.000,NYPD,Illegal Fireworks,BRONX,Closed
63577113,2025-01-01T00:31:08.000,2025-01-01T00:32:53.000,NYPD,Blocked Driveway,BROOKLYN,Closed
63586833,2025-01-01T00:31:14.000,2025-01-03T13:51:07.000,HPD,PLUMBING,MANHATTAN,Closed
63576490,2025-01-01T00:31:20.000,2025-01-02T17:09:52.000,NYPD,Noise - Residential,BRONX,Closed
63579031,2025-01-01T00:31:27.000,2025-01-01T01:07:39.000,NYPD,Noise - Residential,BRONX,Closed
63574630,2025-01-01T00:31:42.000,2025-01-01T02:53:48.000,NYPD,Noise - Residential,BRONX,Closed
63584207,2025-01-01T00:31:47.000,2025-01-01T01:03:52.000,NYPD,Illegal Fireworks,STATEN ISLAND,Closed
63581054,2025-01-01T00:31:54.000,2025-01-01T00:32:57.000,NYPD,Noise - Street/Sidewalk,BROOKLYN,Closed
63576461,2025-01-01T00:31:58.000,2025-01-02T17:11:25.000,NYPD,Noise - Residential,BRONX,Closed
63572338,2025-01-01T00:32:00.000,2025-01-01T01:11:40.000,NYPD,Illegal Fireworks,BROOKLYN,Closed
63572333,2025-01-01T00:32:01.000,2025-01-01T01:19:38.000,NYPD,Illegal Fireworks,BROOKLYN,Closed
63573809,2025-01-01T00:32:04.000,2025-01-01T08:30:31.000,NYPD,Blocked Driveway,BRONX,Closed
63578890,2025-01-01T00:32:08.000,2025-01-01T01:17:00.000,NYPD,Blocked Driveway,QUEENS,Closed
63582782,2025-01-01T00:32:25.000,2025-01-01T01:30:54.000,NYPD,Noise - Street/Sidewalk,QUEENS,Closed
63575730,2025-01-01T00:32:29.000,2025-01-01T01:11:44.000,NYPD,Noise - Residential,BRONX,Closed
63581506,2025-01-01T00:32:36.000,2025-01-02T16:30:21.000,NYPD,Noise - Residential,BRONX,Closed
63582717,2025-01-01T00:32:59.000,2025-01-01T00:35:27.000,NYPD,Noise - Street/Sidewalk,MANHATTAN,Closed
63577409,2025-01-01T00:33:09.000,2025-01-01T01:29:23.000,NYPD,Noise - Commercial,QUEENS,Closed
63585241,2025-01-01T00:33:15.000,2025-01-02T17:09:54.000,NYPD,Noise - Residential,BRONX,Closed
63577259,2025-01-01T00:33:30.000,2025-01-01T01:19:28.000,NYPD,Illegal Fireworks,QUEENS,Closed
63580652,2025-01-01T00:33:34.000,2025-01-01T00:36:00.000,NYPD,Noise - Commercial,BROOKLYN,Closed
63590599,2025-01-01T00:33:37.000,2025-01-19T17:51:32.000,HPD,UNSANITARY CONDITION,BROOKLYN,Closed
63577442,2025-01-01T00:33:43.000,2025-01-01T01:05:38.000,NYPD,Noise - Residential,MANHATTAN,Closed
63583268,2025-01-01T00:33:52.000,2025-01-02T17:09:54.000,NYPD,Noise - Residential,BRONX,Closed
63584039,2025-01-01T00:33:54.000,2025-01-01T00:42:58.000,NYPD,Illegal Fireworks,BROOKLYN,Closed
63584536,2025-01-01T00:34:03.000,2025-01-01T01:32:08.000,NYPD,Noise - Street/Sidewalk,BROOKLYN,Closed
63591418,2025-01-01T00:34:08.000,2025-01-01T19:01:13.000,HPD,HEAT/HOT WATER,BROOKLYN,Closed
63583369,2025-01-01T00:34:31.000,2025-01-02T17:03:43.000,NYPD,Noise - Residential,BRONX,Closed
63580893,2025-01-01T00:34:35.000,2025-01-01T00:48:33.000,NYPD,Noise - Residential,MANHATTAN,Closed
63577388,2025-01-01T00:34:36.000,2025-01-01T00:54:55.000,NYPD,Noise - Commercial,MANHATTAN,Closed
63582369,2025-01-01T00:34:46.000,2025-01-01T01:32:07.000,NYPD,Illegal Fireworks,QUEENS,Closed
63573279,2025-01-01T00:34:49.000,2025-01-01T02:31:11.000,NYPD,Noise - Vehicle,BROOKLYN,Closed
63577556,2025-01-01T00:35:01.000,2025-01-01T00:59:03.000,NYPD,Noise - Residential,BROOKLYN,Closed
63576910,2025-01-01T00:35:09.000,2025-01-01T01:27:18.000,NYPD,Illegal Parking,QUEENS,Closed
63584867,2025-01-01T00:35:09.000,2025-01-02T17:09:54.000,NYPD,Noise - Residential,BRONX,Closed
63584117,2025-01-01T00:35:23.000,2025-01-01T01:06:19.000,NYPD,Noise - Commercial,MANHATTAN,Closed
63577704,2025-01-01T00:35:25.000,2025-01-01T00:53:00.000,NYPD,Noise - Street/Sidewalk,QUEENS,Closed
63583624,2025-01-01T00:35:29.000,2025-01-01T01:19:04.000,NYPD,Noise - Vehicle,BRONX,Closed
63574517,2025-01-01T00:35:34.000,2025-01-01T01:56:14.000,NYPD,Illegal Fireworks,BROOKLYN,Closed
63577233,2025-01-01T00:35:38.000,2025-06-03T16:27:28.000,DPR,New Tree Request,BROOKLYN,Closed
63584108,2025-01-01T00:35:39.000,2025-01-01T00:55:20.000,NYPD,Illegal Fireworks,MANHATTAN,Closed
63574785,2025-01-01T00:35:46.000,2025-01-01T04:04:01.000,NYPD,Illegal Parking,BROOKLYN,Closed
63573230,2025-01-01T00:35:47.000,2025-01-02T17:09:57.000,NYPD,Noise - Residential,BRONX,Closed
63577966,2025-01-01T00:35:54.000,2025-01-01T02:36:59.000,NYPD,Noise - Residential,STATEN ISLAND,Closed
63576020,2025-01-01T00:36:00.000,2025-01-01T01:03:22.000,NYPD,Noise - Street/Sidewalk,QUEENS,Closed
63572697,2025-01-01T00:36:00.000,2025-01-01T00:57:18.000,NYPD,Noise - Residential,BROOKLYN,Closed
63580650,2025-01-01T00:36:12.000,2025-01-01T01:17:41.000,NYPD,Illegal Fireworks,QUEENS,Closed
63580944,2025-01-01T00:36:21.000,2025-01-01T00:49:14.000,NYPD,Noise - Residential,MANHATTAN,Closed
63583466,2025-01-01T00:36:25.000,2025-01-02T16:30:22.000,NYPD,Noise - Residential,BRONX,Closed
63586555,2025-01-01T00:36:34.000,2025-01-03T20:37:11.000,HPD,HEAT/HOT WATER,QUEENS,Closed
63582814,2025-01-01T00:36:38.000,2025-01-01T00:55:28.000,NYPD,Noise - Residential,MANHATTAN,Closed
63577380,2025-01-01T00:36:38.000,2025-01-01T00:37:01.000,NYPD,Illegal Fireworks,BROOKLYN,Closed
63577527,2025-01-01T00:36:39.000,2025-01-01T00:49:38.000,NYPD,Noise - Residential,MANHATTAN,Closed
63582761,2025-01-01T00:36:39.000,2025-01-01T00:51:40.000,NYPD,Noise - Street/Sidewalk,MANHATTAN,Closed
63595102,2025-01-01T00:36:39.000,2025-01-01T15:05:58.000,HPD,HEAT/HOT WATER,QUEENS,Closed
63574402,2025-01-01T00:36:44.000,2025-01-01T00:59:59.000,NYPD,Noise - Street/Sidewalk,BROOKLYN,Closed
63580679,2025-01-01T00:36:48.000,2025-01-01T01:18:45.000,NYPD,Noise - Residential,BRONX,Closed
63577301,2025-01-01T00:36:56.000,2025-01-01T01:34:26.000,NYPD,Noise - Residential,BRONX,Closed
63577386,2025-01-01T00:36:56.000,2025-01-01T00:50:45.000,NYPD,Noise - Commercial,STATEN ISLAND,Closed
63584104,2025-01-01T00:36:57.000,2025-01-01T00:52:52.000,NYPD,Illegal Fireworks,QUEENS,Closed
63580949,2025-01-01T00:37:02.000,2025-01-01T00:38:26.000,NYPD,Noise - Residential,MANHATTAN,Closed
63574920,2025-01-01T00:37:03.000,2025-01-02T17:09:53.000,NYPD,Noise - Residential,BRONX,Closed
63579945,2025-01-01T00:37:05.000,2025-01-01T02:02:16.000,NYPD,Illegal Parking,BROOKLYN,Closed
63574363,2025-01-01T00:37:08.000,2025-01-01T00:42:50.000,NYPD,Noise - Street/Sidewalk,BROOKLYN,Closed
63576882,2025-01-01T00:37:19.000,2025-01-01T00:54:47.000,NYPD,Illegal Parking,BROOKLYN,Closed
63573795,2025-01-01T00:37:31.000,2025-01-01T08:25:53.000,NYPD,Blocked Driveway,MANHATTAN,Closed
63574648,2025-01-01T00:37:43.000,2025-01-02T17:07:28.000,NYPD,Noise - Residential,BRONX,Closed
63572331,2025-01-01T00:37:52.000,2025-01-01T00:50:50.000,NYPD,Illegal Fireworks,MANHATTAN,Closed
63579001,2025-01-01T00:37:58.000,2025-01-01T00:51:15.000,NYPD,Illegal Fireworks,BRONX,Closed
63584243,2025-01-01T00:38:02.000,2025-01-01T00:48:29.000,NYPD,Noise - Commercial,QUEENS,Closed
63582291,2025-01-01T00:38:13.000,2025-01-01T01:44:26.000,NYPD,Blocked Driveway,BROOKLYN,Closed
63572326,2025-01-01T00:38:37.000,2025-01-01T01:14:24.000,NYPD,Noise - Commercial,MANHATTAN,Closed
63578136,2025-01-01T00:38:39.000,2025-01-01T01:58:19.000,NYPD,Illegal Fireworks,QUEENS,Closed
63574338,2025-01-01T00:38:49.000,2025-01-01T01:25:40.000,NYPD,Noise - Residential,BROOKLYN,Closed
63573980,2025-01-01T00:38:57.000,2025-01-01T01:20:39.000,NYPD,Illegal Fireworks,QUEENS,Closed
63576608,2025-01-01T00:38:58.000,2025-01-02T16:30:23.000,NYPD,Noise - Residential,BRONX,Closed
63585444,2025-01-01T00:38:58.000,2025-01-01T01:48:51.000,NYPD,Illegal Parking,BRONX,Closed
63607002,2025-01-01T00:39:00.000,2025-01-02T07:19:00.000,DSNY,Derelict Vehicles,BROOKLYN,Closed
63575100,2025-01-01T00:39:01.000,2025-01-01T00:45:42.000,NYPD,Illegal Parking,BROOKLYN,Closed
63580803,2025-01-01T00:39:14.000,2025-01-01T01:02:29.000,NYPD,Illegal Fireworks,BROOKLYN,Closed
63573133,2025-01-01T00:39:20.000,2025-01-01T03:32:33.000,NYPD,Noise - Residential,QUEENS,Closed
63579003,2025-01-01T00:39:22.000,2025-01-01T01:21:24.000,NYPD,Illegal Fireworks,BROOKLYN,Closed
63576581,2025-01-01T00:39:35.000,2025-01-02T17:11:29.000,NYPD,Noise - Residential,BRONX,Closed
63587730,2025-01-01T00:39:50.000,2025-01-01T12:12:51.000,HPD,HEAT/HOT WATER,QUEENS,Closed
63582479,2025-01-01T00:39:54.000,2025-01-01T01:11:28.000,NYPD,Illegal Fireworks,QUEENS,Closed
63573289,2025-01-01T00:40:14.000,2025-01-02T16:30:24.000,NYPD,Noise - Residential,BRONX,Closed
63580805,2025-01-01T00:40:15.000,2025-01-01T00:48:52.000,NYPD,Illegal Fireworks,MANHATTAN,Closed
63577993,2025-01-01T00:40:19.000,2025-01-01T02:09:29.000,NYPD,Noise - Residential,QUEENS,Closed
63572573,2025-01-01T00:40:27.000,2025-01-01T00:51:58.000,NYPD,Noise - Residential,MANHATTAN,Closed
63582420,2025-01-01T00:40:33.000,2025-01-01T01:46:59.000,NYPD,Illegal Fireworks,QUEENS,Closed
63576431,2025-01-01T00:40:49.000,2025-01-01T09:54:09.000,NYPD,Illegal Fireworks,BRONX,Closed
63573290,2025-01-01T00:40:52.000,2025-01-02T17:09:58.000,NYPD,Noise - Residential,BRONX,Closed
63577958,2025-01-01T00:40:54.000,2025-01-01T05:08:18.000,NYPD,Noise - Residential,MANHATTAN,Closed
63580237,2025-01-01T00:41:05.000,2025-01-01T01:26:00.000,NYPD,Illegal Parking,BROOKLYN,Closed
63582430,2025-01-01T00:41:11.000,2025-01-01T01:20:49.000,NYPD,Noise - Commercial,MANHATTAN,Closed
63575643,2025-01-01T00:41:18.000,2025-01-01T01:20:04.000,NYPD,Noise - Commercial,QUEENS,Closed
63584222,2025-01-01T00:41:20.000,2025-01-01T01:20:25.000,NYPD,Illegal Fireworks,QUEENS,Closed
63572978,2025-01-01T00:41:30.000,2025-01-02T17:07:29.000,NYPD,Noise - Residential,BRONX,Closed
63584221,2025-01-01T00:41:45.000,2025-01-01T01:35:46.000,NYPD,Illegal Fireworks,BROOKLYN,Closed
63577667,2025-01-01T00:41:57.000,2025-01-01T01:06:38.000,NYPD,Noise - Residential,QUEENS,Closed
63579628,2025-01-01T00:42:08.000,2025-01-02T17:07:27.000,NYPD,Noise - Residential,BRONX,Closed
63573952,2025-01-01T00:42:09.000,2025-01-01T00:51:43.000,NYPD,Illegal Fireworks,BRONX,Closed
63578874,2025-01-01T00:42:16.000,2025-01-02T02:03:21.000,NYPD,Blocked Driveway,BRONX,Closed
63579019,2025-01-01T00:42:21.000,2025-01-01T01:13:51.000,NYPD,Noise - Commercial,MANHATTAN,Closed
63577383,2025-01-01T00:42:23.000,2025-01-01T01:28:16.000,NYPD,Illegal Fireworks,BROOKLYN,Closed
63584095,2025-01-01T00:42:24.000,2025-01-01T01:39:55.000,NYPD,Noise - Residential,QUEENS,Closed
63591400,2025-01-01T00:42:40.000,2025-01-01T15:05:58.000,HPD,HEAT/HOT WATER,QUEENS,Closed
63582296,2025-01-01T00:42:41.000,2025-03-21T07:43:16.000,TLC,Taxi Complaint,QUEENS,Closed
63577446,2025-01-01T00:42:43.000,2025-01-01T01:48:44.000,NYPD,Noise - Residential,BRONX,Closed
63581341,2025-01-01T00:42:46.000,2025-01-02T17:07:29.000,NYPD,Noise - Residential,BRONX,Closed
63575839,2025-01-01T00:42:55.000,2025-01-01T01:19:26.000,NYPD,Noise - Street/Sidewalk,STATEN ISLAND,Closed
63582788,2025-01-01T00:42:55.000,2025-01-01T01:21:05.000,NYPD,Noise - Street/Sidewalk,QUEENS,Closed
63577651,2025-01-01T00:42:56.000,2025-01-01T01:01:13.000,NYPD,Noise - Street/Sidewalk,MANHATTAN,Closed
63582716,2025-01-01T00:42:56.000,2025-01-01T01:04:18.000,NYPD,Noise - Street/Sidewalk,MANHATTAN,Closed
63584040,2025-01-01T00:43:00.000,2025-01-01T00:52:23.000,NYPD,Illegal Fireworks,MANHATTAN,Closed
63580190,2025-01-01T00:43:01.000,2025-01-01T01:34:25.000,NYPD,Illegal Parking,QUEENS,Closed
63572784,2025-01-01T00:43:02.000,2025-01-01T01:21:57.000,NYPD,Noise - Street/Sidewalk,QUEENS,Closed
63581071,2025-01-01T00:43:04.000,2025-01-01T01:02:12.000,NYPD,Noise - Residential,QUEENS,Closed
63582813,2025-01-01T00:43:10.000,2025-01-01T01:11:00.000,NYPD,Noise - Residential,QUEENS,Closed
63580722,2025-01-01T00:43:11.000,2025-01-01T01:19:06.000,NYPD,Noise - Commercial,QUEENS,Closed
63579317,2025-01-01T00:43:15.000,2025-01-01T01:39:34.000,NYPD,Noise - Street/Sidewalk,QUEENS,Closed
63579284,2025-01-01T00:43:19.000,2025-01-01T01:29:47.000,NYPD,Noise - Residential,BRONX,Closed
63581332,2025-01-01T00:43:23.000,2025-01-01T03:08:21.000,NYPD,Illegal Parking,QUEENS,Closed
63579298,2025-01-01T00:43:24.000,2025-01-01T01:17:13.000,NYPD,Noise - Residential,BROOKLYN,Closed
63583116,2025-01-01T00:43:25.000,2025-01-02T17:09:54.000,NYPD,Noise - Residential,BRONX,Closed
63579283,2025-01-01T00:43:27.000,2025-01-01T01:10:51.000,NYPD,Noise - Residential,BROOKLYN,Closed
63573067,2025-01-01T00:43:31.000,2025-01-01T02:04:43.000,NYPD,Noise - Residential,MANHATTAN,Closed
63577741,2025-01-01T00:43:32.000,2025-01-01T00:50:26.000,NYPD,Noise - Residential,MANHATTAN,Closed
63577432,2025-01-01T00:43:42.000,2025-01-01T01:26:40.000,NYPD,Noise - Commercial,BROOKLYN,Closed
63580473,2025-01-01T00:43:43.000,2025-01-02T10:24:48.000,DOHMH,Rodent,BROOKLYN,Closed
63573528,2025-01-01T00:43:55.000,2025-01-01T01:34:52.000,NYPD,Illegal Parking,BROOKLYN,Closed
63577439,2025-01-01T00:44:01.000,2025-01-01T01:15:51.000,NYPD,Noise - Residential,BROOKLYN,Closed
63575669,2025-01-01T00:44:02.000,2025-01-01T00:55:52.000,NYPD,Noise - Residential,QUEENS,Closed
63574746,2025-01-01T00:44:03.000,2025-01-02T17:11:30.000,NYPD,Noise - Residential,BRONX,Closed
63572553,2025-01-01T00:44:05.000,2025-01-01T01:07:35.000,NYPD,Noise - Residential,BROOKLYN,Closed
63580816,2025-01-01T00:44:15.000,2025-01-01T01:00:10.000,NYPD,Noise - Residential,MANHATTAN,Closed
63574844,2025-01-01T00:44:17.000,2025-01-01T01:57:16.000,NYPD,Noise - Residential,MANHATTAN,Closed
63574039,2025-01-01T00:44:35.000,2025-01-01T01:10:29.000,NYPD,Noise - Residential,BROOKLYN,Closed
63580781,2025-01-01T00:44:38.000,2025-01-01T01:45:56.000,NYPD,Noise - Residential,QUEENS,Closed
63576607,2025-01-01T00:44:40.000,2025-01-02T17:09:54.000,NYPD,Noise - Residential,BRONX,Closed
63575928,2025-01-01T00:44:49.000,2025-01-01T01:05:41.000,NYPD,Noise - Residential,BRONX,Closed
63574074,2025-01-01T00:45:10.000,2025-01-01T01:12:03.000,NYPD,Noise - Residential,BRONX,Closed
63574234,2025-01-01T00:45:11.000,2025-01-01T01:22:27.000,NYPD,Noise - Residential,BRONX,Closed
63573805,2025-01-01T00:45:11.000,2025-01-01T04:11:52.000,NYPD,Blocked Driveway,BROOKLYN,Closed
63584866,2025-01-01T00:45:19.000,2025-01-02T16:30:25.000,NYPD,Noise - Residential,BRONX,Closed
63575909,2025-01-01T00:45:24.000,2025-01-01T01:00:13.000,NYPD,Noise - Residential,BRONX,Closed
63580628,2025-01-01T00:45:26.000,2025-01-01T01:50:09.000,NYPD,Illegal Fireworks,BROOKLYN,Closed
63575981,2025-01-01T00:45:29.000,2025-01-01T00:52:35.000,NYPD,Noise - Street/Sidewalk,MANHATTAN,Closed
63575611,2025-01-01T00:45:35.000,2025-01-01T01:49:47.000,NYPD,Illegal Fireworks,BROOKLYN,Closed
63582323,2025-01-01T00:45:42.000,2025-01-01T01:47:43.000,NYPD,Blocked Driveway,QUEENS,Closed
63584546,2025-01-01T00:45:48.000,2025-01-01T00:46:20.000,NYPD,Noise - Street/Sidewalk,BROOKLYN,Closed
63576489,2025-01-01T00:45:57.000,2025-01-02T17:02:39.000,NYPD,Noise - Residential,BRONX,Closed
63582533,2025-01-01T00:46:00.000,2025-01-01T00:51:33.000,NYPD,Noise - Commercial,STATEN ISLAND,Closed
63582704,2025-01-01T00:46:03.000,2025-01-01T00:52:38.000,NYPD,Noise - Street/Sidewalk,QUEENS,Closed
63577686,2025-01-01T00:46:13.000,2025-01-01T00:49:57.000,NYPD,Noise - Residential,MANHATTAN,Closed
63584356,2025-01-01T00:46:15.000,2025-01-01T01:19:35.000,NYPD,Noise - Residential,QUEENS,Closed
63577588,2025-01-01T00:46:16.000,2025-01-01T01:42:59.000,NYPD,Noise - Residential,QUEENS,Closed
63572395,2025-01-01T00:46:20.000,2025-01-01T01:05:06.000,NYPD,Noise - Residential,BRONX,Closed
63574016,2025-01-01T00:46:23.000,2025-01-01T01:22:24.000,NYPD,Noise - Commercial,QUEENS,Closed
63579154,2025-01-01T00:46:25.000,2025-01-01T01:24:09.000,NYPD,Noise - Residential,QUEENS,Closed
63574340,2025-01-01T00:46:28.000,2025-01-01T01:08:09.000,NYPD,Noise - Residential,QUEENS,Closed
63573187,2025-01-01T00:46:35.000,2025-01-02T17:08:16.000,NYPD,Noise - Residential,BRONX,Closed
63580651,2025-01-01T00:46:35.000,2025-01-01T00:56:25.000,NYPD,Illegal Fireworks,MANHATTAN,Closed
63574373,2025-01-01T00:46:36.000,2025-01-01T00:57:14.000,NYPD,Noise - Street/Sidewalk,STATEN ISLAND,Closed
63575683,2025-01-01T00:46:37.000,2025-01-01T00:47:39.000,NYPD,Illegal Fireworks,BROOKLYN,Closed
63575617,2025-01-01T00:46:46.000,2025-01-01T01:28:23.000,NYPD,Noise - Commercial,BROOKLYN,Closed
63580932,2025-01-01T00:46:50.000,2025-01-01T01:28:24.000,NYPD,Noise - Residential,QUEENS,Closed
63578816,2025-01-01T00:46:53.000,2025-01-01T02:22:02.000,NYPD,Blocked Driveway,QUEENS,Closed
63572548,2025-01-01T00:46:56.000,2025-01-01T00:58:23.000,NYPD,Noise - Residential,MANHATTAN,Closed
63577671,2025-01-01T00:46:57.000,2025-01-01T01:00:52.000,NYPD,Noise - Residential,BRONX,Closed
63588113,2025-01-01T00:47:00.000,2025-01-03T14:21:00.000,DEP,Lead,BROOKLYN,Closed
63591830,2025-01-01T00:47:00.000,2025-01-03T14:21:00.000,DEP,Lead,MANHATTAN,Closed
63577456,2025-01-01T00:47:02.000,2025-01-01T00:54:51.000,NYPD,Noise - Residential,QUEENS,Closed
63575893,2025-01-01T00:47:06.000,2025-01-01T01:28:55.000,NYPD,Noise - Residential,QUEENS,Closed
63585089,2025-01-01T00:47:13.000,2025-01-02T17:03:50.000,NYPD,Noise - Residential,BRONX,Closed
63579276,2025-01-01T00:47:49.000,2025-01-01T01:40:07.000,NYPD,Noise - Residential,QUEENS,Closed
63584933,2025-01-01T00:47:51.000,2025-01-02T17:03:56.000,NYPD,Noise - Residential,BRONX,Closed
63576022,2025-01-01T00:47:55.000,2025-01-01T00:49:12.000,NYPD,Noise - Street/Sidewalk,BROOKLYN,Closed
63583172,2025-01-01T00:47:56.000,2025-01-01T02:35:06.000,NYPD,Noise - Residential,BRONX,Closed
63578519,2025-01-01T00:47:57.000,2025-01-01T00:53:29.000,NYPD,Illegal Parking,BROOKLYN,Closed
63580072,2025-01-01T00:47:58.000,2025-01-01T01:19:09.000,NYPD,Encampment,MANHATTAN,Closed
63575583,2025-01-01T00:48:05.000,2025-01-01T00:48:57.000,NYPD,Illegal Fireworks,BROOKLYN,Closed
63574335,2025-01-01T00:48:16.000,2025-01-01T01:44:43.000,NYPD,Noise - Residential,MANHATTAN,Closed
63580581,2025-01-01T00:48:25.000,2025-01-01T01:01:46.000,NYPD,Blocked Driveway,QUEENS,Closed
63573132,2025-01-01T00:48:29.000,2025-01-02T17:05:53.000,NYPD,Noise - Residential,BRONX,Closed
63574053,2025-01-01T00:48:31.000,2025-01-01T00:53:52.000,NYPD,Noise - Residential,QUEENS,Closed
63582534,2025-01-01T00:48:34.000,2025-01-01T00:50:25.000,NYPD,Noise - Commercial,MANHATTAN,Closed
63586581,2025-01-01T00:48:38.000,2025-01-02T20:02:44.000,HPD,HEAT/HOT WATER,BROOKLYN,Closed
63580794,2025-01-01T00:48:45.000,2025-01-01T01:38:04.000,NYPD,Noise - Residential,BROOKLYN,Closed
63579857,2025-01-01T00:48:51.000,2025-01-01T01:53:50.000,NYPD,Noise - Residential,MANHATTAN,Closed
63585505,2025-01-01T00:48:51.000,2025-01-01T01:05:49.000,NYPD,Illegal Parking,BROOKLYN,Closed
63579455,2025-01-01T00:49:02.000,2025-01-01T00:55:40.000,NYPD,Noise - Street/Sidewalk,BROOKLYN,Closed
63572696,2025-01-01T00:49:06.000,2025-01-01T01:01:13.000,NYPD,Noise - Residential,BRONX,Closed
63576579,2025-01-01T00:49:07.000,2025-01-01T02:08:43.000,NYPD,Noise - Residential,QUEENS,Closed
63576232,2025-01-01T00:49:07.000,2025-01-02T17:02:39.000,NYPD,Noise - Residential,BRONX,Closed
63575910,2025-01-01T00:49:12.000,2025-01-01T00:57:58.000,NYPD,Noise - Residential,MANHATTAN,Closed
63578302,2025-01-01T00:49:43.000,2025-01-01T03:05:44.000,NYPD,Noise - Street/Sidewalk,MANHATTAN,Closed
63576538,2025-01-01T00:49:45.000,2025-01-02T17:09:56.000,NYPD,Noise - Residential,BRONX,Closed
63573424,2025-01-01T00:49:53.000,2025-01-01T01:05:22.000,NYPD,Illegal Parking,BROOKLYN,Closed
63573071,2025-01-01T00:50:09.000,2025-01-01T01:52:38.000,NYPD,Noise - Residential,STATEN ISLAND,Closed
63577756,2025-01-01T00:50:09.000,2025-01-01T01:19:04.000,NYPD,Noise - Street/Sidewalk,MANHATTAN,Closed
63575980,2025-01-01T00:50:22.000,2025-01-01T01:16:10.000,NYPD,Noise - Street/Sidewalk,BROOKLYN,Closed
63574915,2025-01-01T00:50:24.000,2025-01-02T17:08:12.000,NYPD,Noise - Residential,BRONX,Closed
63581604,2025-01-01T00:50:30.000,2025-01-01T14:34:41.000,NYPD,Noise - Street/Sidewalk,MANHATTAN,Closed
63584185,2025-01-01T00:50:31.000,2025-01-01T01:06:30.000,NYPD,Noise - Residential,MANHATTAN,Closed
63584742,2025-01-01T00:50:34.000,2025-01-01T03:11:37.000,NYPD,Illegal Parking,BROOKLYN,Closed
63574307,2025-01-01T00:50:42.000,2025-01-01T00:52:59.000,NYPD,Noise - Residential,QUEENS,Closed
63573455,2025-01-01T00:50:44.000,2025-01-01T01:04:10.000,NYPD,Illegal Parking,BROOKLYN,Closed
63581032,2025-01-01T00:50:48.000,2025-01-01T01:01:36.000,NYPD,Noise - Residential,BRONX,Closed
63573066,2025-01-01T00:51:02.000,2025-01-02T17:03:49.000,NYPD,Noise - Residential,BRONX,Closed
63572086,2025-01-01T00:51:02.000,2025-03-02T00:51:37.000,DOHMH,Smoking or Vaping,BRONX,Closed
63577672,2025-01-01T00:51:12.000,2025-01-01T01:01:19.000,NYPD,Noise - Residential,QUEENS,Closed
63572974,2025-01-01T00:51:20.000,2025-01-01T05:08:32.000,NYPD,Noise - Residential,MANHATTAN,Closed
63577687,2025-01-01T00:51:21.000,2025-01-01T01:35:49.000,NYPD,Noise - Street/Sidewalk,BROOKLYN,Closed
63582558,2025-01-01T00:51:27.000,2025-01-01T01:33:53.000,NYPD,Noise - Residential,BROOKLYN,Closed
63572580,2025-01-01T00:51:34.000,2025-01-01T01:09:03.000,NYPD,Noise - Residential,QUEENS,Closed
63580954,2025-01-01T00:51:36.000,2025-01-01T01:09:35.000,NYPD,Noise - Street/Sidewalk,MANHATTAN,Closed
63573288,2025-01-01T00:51:40.000,2025-01-02T17:09:55.000,NYPD,Noise - Residential,BRONX,Closed
63582058,2025-01-01T00:51:42.000,2025-01-01T01:04:59.000,NYPD,Illegal Parking,BROOKLYN,Closed
63593938,2025-01-01T00:51:55.000,2025-01-02T11:43:03.000,HPD,HEAT/HOT WATER,BRONX,Closed
63577620,2025-01-01T00:51:58.000,2025-01-01T01:11:36.000,NYPD,Noise - Residential,MANHATTAN,Closed
63582512,2025-01-01T00:52:06.000,2025-01-01T01:29:44.000,NYPD,Noise - Residential,MANHATTAN,Closed
63573287,2025-01-01T00:52:18.000,2025-01-02T17:09:51.000,NYPD,Noise - Residential,BRONX,Closed
63593960,2025-01-01T00:52:30.000,2025-01-02T13:49:04.000,HPD,HEAT/HOT WATER,BRONX,Closed
63572504,2025-01-01T00:52:40.000,2025-01-01T01:43:04.000,NYPD,Noise - Residential,QUEENS,Closed
63579015,2025-01-01T00:52:42.000,2025-01-01T01:12:24.000,NYPD,Noise - Commercial,MANHATTAN,Closed
63575124,2025-01-01T00:52:45.000,2025-01-01T01:03:13.000,NYPD,Illegal Parking,BROOKLYN,Closed
63580087,2025-01-01T00:52:56.000,2025-01-02T17:09:53.000,NYPD,Noise - Residential,BRONX,Closed
63583890,2025-01-01T00:52:57.000,2025-01-01T01:15:44.000,NYPD,Blocked Driveway,QUEENS,Closed
63588112,2025-01-01T00:53:00.000,2025-01-03T14:21:00.000,DEP,Lead,QUEENS,Closed
63580953,2025-01-01T00:53:03.000,2025-01-01T01:23:06.000,NYPD,Noise - Street/Sidewalk,QUEENS,Closed
63579721,2025-01-01T00:53:10.000,2025-01-01T02:21:52.000,NYPD,Noise - Residential,BRONX,Closed
63574010,2025-01-01T00:53:16.000,2025-01-01T01:23:45.000,NYPD,Noise - Commercial,BROOKLYN,Closed
63577454,2025-01-01T00:53:16.000,2025-01-01T01:03:49.000,NYPD,Noise - Residential,QUEENS,Closed
63572344,2025-01-01T00:53:21.000,2025-01-01T01:19:07.000,NYPD,Noise - Commercial,QUEENS,Closed
63583618,2025-01-01T00:53:21.000,2025-01-01T01:06:14.000,NYPD,Illegal Parking,MANHATTAN,Closed
63581488,2025-01-01T00:53:34.000,2025-01-02T17:03:51.000,NYPD,Noise - Residential,BRONX,Closed
63572674,2025-01-01T00:53:40.000,2025-01-01T01:09:12.000,NYPD,Noise - Residential,QUEENS,Closed
63574081,2025-01-01T00:53:50.000,2025-01-01T01:05:46.000,NYPD,Noise - Residential,BRONX,Closed
63575668,2025-01-01T00:53:54.000,2025-01-01T00:55:27.000,NYPD,Noise - Residential,QUEENS,Closed
63583681,2025-01-01T00:53:54.000,2025-01-01T01:02:48.000,NYPD,Illegal Parking,BROOKLYN,Closed
63580876,2025-01-01T00:53:55.000,2025-01-01T01:38:58.000,NYPD,Noise - Residential,BROOKLYN,Closed
63580713,2025-01-01T00:53:59.000,2025-01-01T01:44:43.000,NYPD,Illegal Fireworks,BROOKLYN,Closed
63575532,2025-01-01T00:54:05.000,2025-01-01T01:33:50.000,NYPD,Noise - Commercial,BRONX,Closed
63579929,2025-01-01T00:54:12.000,2025-01-02T17:05:54.000,NYPD,Noise - Residential,BRONX,Closed
63577573,2025-01-01T00:54:25.000,2025-01-01T01:34:04.000,NYPD,Noise - Residential,BRONX,Closed
63572092,2025-01-01T00:54:26.000,2025-01-01T01:47:36.000,NYPD,Illegal Parking,QUEENS,Closed
63577581,2025-01-01T00:54:28.000,2025-01-01T01:19:43.000,NYPD,Noise - Residential,MANHATTAN,Closed
63581653,2025-01-01T00:54:29.000,2025-01-01T03:04:57.000,NYPD,Illegal Parking,QUEENS,Closed
63577340,2025-01-01T00:54:31.000,2025-01-01T01:44:58.000,NYPD,Noise - Residential,BROOKLYN,Closed
63575591,2025-01-01T00:54:32.000,2025-01-01T01:29:53.000,NYPD,Noise - Residential,BROOKLYN,Closed
63573565,2025-01-01T00:54:34.000,2025-01-01T01:26:22.000,NYPD,Noise - Vehicle,BRONX,Closed
63572365,2025-01-01T00:54:34.000,2025-01-01T01:22:07.000,NYPD,Noise - Commercial,BROOKLYN,Closed
63587683,2025-01-01T00:54:39.000,2025-01-03T16:20:11.000,HPD,HEAT/HOT WATER,QUEENS,Closed
63576401,2025-01-01T00:54:51.000,2025-01-02T17:05:53.000,NYPD,Noise - Residential,BRONX,Closed
63582826,2025-01-01T00:54:53.000,2025-01-01T01:10:46.000,NYPD,Noise - Street/Sidewalk,BROOKLYN,Closed
63580556,2025-01-01T00:54:57.000,2025-01-01T01:02:22.000,NYPD,Abandoned Vehicle,BROOKLYN,Closed
63583817,2025-01-01T00:55:00.000,2025-01-01T01:30:00.000,DOT,Traffic Signal Condition,QUEENS,Closed
63573794,2025-01-01T00:55:01.000,2025-01-01T02:31:31.000,NYPD,Blocked Driveway,BROOKLYN,Closed
63574160,2025-01-01T00:55:02.000,2025-01-01T01:42:49.000,NYPD,Noise - Residential,QUEENS,Closed
63575586,2025-01-01T00:55:08.000,2025-01-01T01:38:52.000,NYPD,Noise - Commercial,QUEENS,Closed
63575659,2025-01-01T00:55:19.000,2025-01-01T01:24:46.000,NYPD,Noise - Commercial,QUEENS,Closed
63575747,2025-01-01T00:55:22.000,2025-01-01T01:05:10.000,NYPD,Noise - Residential,BRONX,Closed
63591474,2025-01-01T00:55:27.000,2025-01-02T13:49:04.000,HPD,HEAT/HOT WATER,BRONX,Closed
63573065,2025-01-01T00:55:29.000,2025-01-02T17:03:43.000,NYPD,Noise - Residential,BRONX,Closed
63584042,2025-01-01T00:55:36.000,2025-01-01T00:57:33.000,NYPD,Noise - Commercial,STATEN ISLAND,Closed
63581085,2025-01-01T00:55:45.000,2025-01-01T00:56:27.000,NYPD,Noise - Residential,QUEENS,Closed
63575454,2025-01-01T00:55:52.000,2025-01-01T01:01:10.000,NYPD,Abandoned Vehicle,BROOKLYN,Closed
63581508,2025-01-01T00:55:58.000,2025-01-01T03:42:51.000,NYPD,Noise - Residential,QUEENS,Closed
63577327,2025-01-01T00:56:00.000,2025-01-03T13:25:00.000,DOT,Street Light Condition,BRONX,Closed
63586984,2025-01-01T00:56:00.000,2025-01-07T14:15:00.000,DEP,Noise,QUEENS,Closed
63577754,2025-01-01T00:56:06.000,2025-01-01T00:57:51.000,NYPD,Noise - Street/Sidewalk,BROOKLYN,Closed
63573186,2025-01-01T00:56:07.000,2025-01-02T17:11:23.000,NYPD,Noise - Residential,BRONX,Closed
63576557,2025-01-01T00:56:19.000,2025-01-01T02:31:03.000,NYPD,Noise - Street/Sidewalk,MANHATTAN,Closed
63583939,2025-01-01T00:56:19.000,2025-01-01T05:36:49.000,NYPD,Blocked Driveway,BROOKLYN,Closed
63574913,2025-01-01T00:56:45.000,2025-01-02T17:08:19.000,NYPD,Noise - Residential,BRONX,Closed
63580704,2025-01-01T00:56:50.000,2025-01-01T01:13:06.000,NYPD,Noise - Residential,BROOKLYN,Closed
63575342,2025-01-01T00:56:52.000,2025-01-01T01:01:57.000,NYPD,Abandoned Vehicle,BROOKLYN,Closed
63574203,2025-01-01T00:56:58.000,2025-01-01T01:09:26.000,NYPD,Noise - Residential,BROOKLYN,Closed
63580318,2025-01-01T00:57:00.000,2025-05-08T15:03:00.000,DOT,Street Light Condition,BRONX,Closed
63579204,2025-01-01T00:57:02.000,2025-01-01T01:17:11.000,NYPD,Illegal Fireworks,BROOKLYN,Closed
63573978,2025-01-01T00:57:05.000,2025-01-01T01:15:15.000,NYPD,Illegal Fireworks,MANHATTAN,Closed
63575843,2025-01-01T00:57:05.000,2025-01-01T01:42:12.000,NYPD,Noise - Residential,QUEENS,Closed
63577460,2025-01-01T00:57:12.000,2025-01-01T01:02:57.000,NYPD,Noise - Residential,QUEENS,Closed
63580850,2025-01-01T00:57:18.000,2025-01-01T01:01:02.000,NYPD,Noise - Residential,QUEENS,Closed
63572398,2025-01-01T00:57:23.000,2025-01-01T01:12:46.000,NYPD,Noise - Commercial,MANHATTAN,Closed
63578323,2025-01-01T00:57:23.000,2025-01-02T17:08:14.000,NYPD,Noise - Residential,BRONX,Closed
63581069,2025-01-01T00:57:24.000,2025-01-01T01:12:38.000,NYPD,Noise - Residential,BRONX,Closed
63582615,2025-01-01T00:57:29.000,2025-01-01T00:59:56.000,NYPD,Noise - Residential,MANHATTAN,Closed
63574836,2025-01-01T00:57:39.000,2025-01-01T02:38:54.000,NYPD,Noise - Residential,BRONX,Closed
63574959,2025-01-01T00:57:44.000,2025-01-01T02:15:33.000,NYPD,Noise - Residential,MANHATTAN,Closed
63579042,2025-01-01T00:57:44.000,2025-01-01T01:42:29.000,NYPD,Noise - Residential,STATEN ISLAND,Closed
63578915,2025-01-01T00:57:47.000,2025-01-01T01:00:12.000,NYPD,Abandoned Vehicle,BROOKLYN,Closed
63582821,2025-01-01T00:57:48.000,2025-01-01T01:04:22.000,NYPD,Noise - Street/Sidewalk,MANHATTAN,Closed
63584741,2025-01-01T00:57:56.000,2025-01-01T02:08:40.000,NYPD,Illegal Fireworks,BROOKLYN,Closed
63580615,2025-01-01T00:58:00.000,2025-01-03T13:15:00.000,DOT,Street Light Condition,BRONX,Closed
63578100,2025-01-01T00:58:01.000,2025-01-02T17:02:39.000,NYPD,Noise - Residential,BRONX,Closed
63574059,2025-01-01T00:58:05.000,2025-01-01T01:02:11.000,NYPD,Noise - Residential,QUEENS,Closed
63576663,2025-01-01T00:58:14.000,2025-01-01T01:47:28.000,NYPD,Illegal Parking,QUEENS,Closed
63576412,2025-01-01T00:58:14.000,2025-01-01T02:03:39.000,NYPD,Noise - Residential,BROOKLYN,Closed
63580665,2025-01-01T00:58:18.000,2025-01-01T01:32:00.000,NYPD,Illegal Fireworks,BROOKLYN,Closed
63584516,2025-01-01T00:58:28.000,2025-01-01T01:10:06.000,NYPD,Noise - Street/Sidewalk,BROOKLYN,Closed
63573176,2025-01-01T00:58:39.000,2025-01-02T17:08:17.000,NYPD,Noise - Residential,BRONX,Closed
63577529,2025-01-01T00:58:43.000,2025-01-01T01:04:46.000,NYPD,Noise - Street/Sidewalk,MANHATTAN,Closed
63583878,2025-01-01T00:58:44.000,2025-01-01T01:04:34.000,NYPD,Abandoned Vehicle,BROOKLYN,Closed
63583692,2025-01-01T00:58:58.000,2025-01-01T01:42:13.000,NYPD,Illegal Parking,BROOKLYN,Closed
63572341,2025-01-01T00:59:00.000,2025-01-01T01:13:08.000,NYPD,Noise - Commercial,MANHATTAN,Closed
63582592,2025-01-01T00:59:01.000,2025-01-01T01:38:54.000,NYPD,Noise - Residential,QUEENS,Closed
63574756,2025-01-01T00:59:04.000,2025-01-01T02:03:14.000,NYPD,Noise - Street/Sidewalk,MANHATTAN,Closed
63579462,2025-01-01T00:59:13.000,2025-01-01T01:46:55.000,NYPD,Noise - Street/Sidewalk,QUEENS,Closed
63584522,2025-01-01T00:59:15.000,2025-01-01T01:12:01.000,NYPD,Noise - Street/Sidewalk,MANHATTAN,Closed
63574690,2025-01-01T00:59:17.000,2025-01-02T17:03:52.000,NYPD,Noise - Residential,BRONX,Closed
63572902,2025-01-01T00:59:22.000,2025-01-01T02:06:14.000,NYPD,Illegal Parking,BRONX,Closed
63578837,2025-01-01T00:59:54.000,2025-01-01T01:50:11.000,NYPD,Blocked Driveway,QUEENS,Closed
63576488,2025-01-01T00:59:55.000,2025-01-02T17:09:54.000,NYPD,Noise - Residential,BRONX,Closed
63582809,2025-01-01T00:59:56.000,2025-01-01T01:01:47.000,NYPD,Noise - Residential,QUEENS,Closed
63578322,2025-01-01T00:59:59.000,2025-01-01T12:18:24.000,NYPD,Noise - Residential,MANHATTAN,Closed
63578499,2025-01-01T01:00:04.000,2025-01-01T01:30:01.000,NYPD,Illegal Parking,QUEENS,Closed
63582522,2025-01-01T01:00:15.000,2025-01-01T01:01:36.000,NYPD,Illegal Fireworks,BROOKLYN,Closed
63575671,2025-01-01T01:00:16.000,2025-01-01T01:17:26.000,NYPD,Noise - Residential,BROOKLYN,Closed
63579966,2025-01-01T01:00:34.000,2025-01-02T17:08:11.000,NYPD,Noise - Residential,BRONX,Closed
63581039,2025-01-01T01:00:39.000,2025-01-01T01:17:58.000,NYPD,Noise - Residential,BROOKLYN,Closed
63592778,2025-01-01T01:00:42.000,2025-01-02T17:02:58.000,HPD,HEAT/HOT WATER,BRONX,Closed
63572405,2025-01-01T01:00:45.000,2025-01-01T01:27:13.000,NYPD,Noise - Park,QUEENS,Closed
63577302,2025-01-01T01:00:48.000,2025-01-01T01:03:40.000,NYPD,Blocked Driveway,BROOKLYN,Closed
63582820,2025-01-01T01:00:49.000,2025-01-01T01:14:46.000,NYPD,Noise - Residential,BRONX,Closed
63578142,2025-01-01T01:00:53.000,2025-01-01T03:07:12.000,NYPD,Illegal Parking,QUEENS,Closed
63579038,2025-01-01T01:00:55.000,2025-01-01T01:40:39.000,NYPD,Noise - Residential,QUEENS,Closed
63578634,2025-01-01T01:00:59.000,2025-01-01T01:42:05.000,NYPD,Illegal Parking,QUEENS,Closed
63577539,2025-01-01T01:01:04.000,2025-01-01T01:01:34.000,NYPD,Noise - Residential,QUEENS,Closed
63590224,2025-01-01T01:01:06.000,2025-01-02T19:43:40.000,HPD,HEAT/HOT WATER,BRONX,Closed
63576191,2025-01-01T01:01:12.000,2025-01-02T17:05:54.000,NYPD,Noise - Residential,BRONX,Closed
63584534,2025-01-01T01:01:13.000,2025-01-01T01:09:49.000,NYPD,Noise - Street/Sidewalk,BROOKLYN,Closed
63575540,2025-01-01T01:01:14.000,2025-01-01T01:27:09.000,NYPD,Noise - Commercial,BROOKLYN,Closed
63577545,2025-01-01T01:01:17.000,2025-01-01T01:30:59.000,NYPD,Noise - Residential,QUEENS,Closed
63575333,2025-01-01T01:01:23.000,2025-01-01T02:57:18.000,NYPD,Illegal Fireworks,BROOKLYN,Closed
63579388,2025-01-01T01:01:25.000,2025-01-01T01:47:01.000,NYPD,Noise - Residential,BROOKLYN,Closed
63584025,2025-01-01T01:01:26.000,2025-01-01T01:13:18.000,NYPD,Illegal Fireworks,QUEENS,Closed
63579794,2025-01-01T01:01:50.000,2025-01-02T17:05:54.000,NYPD,Noise - Residential,BRONX,Closed
63574032,2025-01-01T01:02:00.000,2025-01-01T01:13:34.000,NYPD,Noise - Commercial,MANHATTAN,Closed
63584215,2025-01-01T01:02:03.000,2025-01-01T01:42:15.000,NYPD,Noise - Residential,STATEN ISLAND,Closed
63583780,2025-01-01T01:02:04.000,2025-01-01T01:37:05.000,NYPD,Illegal Parking,QUEENS,Closed
63580680,2025-01-01T01:02:21.000,2025-01-01T01:40:53.000,NYPD,Noise - Residential,QUEENS,Closed
63577103,2025-01-01T01:02:24.000,2025-01-01T01:37:39.000,NYPD,Blocked Driveway,BROOKLYN,Closed
63579369,2025-01-01T01:02:28.000,2025-01-01T01:31:40.000,NYPD,Noise - Residential,BRONX,Closed
63579963,2025-01-01T01:02:28.000,2025-01-02T17:11:38.000,NYPD,Noise - Residential,BRONX,Closed
63579702,2025-01-01T01:02:29.000,2025-01-01T02:23:46.000,NYPD,Noise - Commercial,MANHATTAN,Closed
63577849,2025-01-01T01:02:31.000,2025-01-02T11:50:53.000,DSNY,Dirty Condition,STATEN ISLAND,Closed
63576385,2025-01-01T01:02:34.000,2025-01-01T02:38:47.000,NYPD,Noise - Residential,MANHATTAN,Closed
63573994,2025-01-01T01:02:35.000,2025-01-01T01:18:43.000,NYPD,Illegal Fireworks,BROOKLYN,Closed
63583551,2025-01-01T01:02:37.000,2025-01-01T04:42:15.000,DHS,Homeless Person Assistance,BROOKLYN,Closed
63580939,2025-01-01T01:02:37.000,2025-01-01T01:44:36.000,NYPD,Noise - Residential,BROOKLYN,Closed
63577648,2025-01-01T01:02:41.000,2025-01-01T01:20:24.000,NYPD,Noise - Street/Sidewalk,MANHATTAN,Closed
63578369,2025-01-01T01:02:47.000,2025-01-01T02:54:35.000,NYPD,Noise - Vehicle,BROOKLYN,Closed
63574008,2025-01-01T01:02:53.000,2025-01-01T01:21:27.000,NYPD,Noise - Commercial,BROOKLYN,Closed
63584803,2025-01-01T01:03:06.000,2025-01-02T17:05:54.000,NYPD,Noise - Residential,BRONX,Closed
63576866,2025-01-01T01:03:11.000,2025-01-01T01:25:16.000,NYPD,Illegal Parking,QUEENS,Closed
63580645,2025-01-01T01:03:15.000,2025-01-01T01:31:08.000,NYPD,Illegal Fireworks,BROOKLYN,Closed
63579012,2025-01-01T01:03:26.000,2025-01-01T01:46:54.000,NYPD,Noise - Commercial,QUEENS,Closed
63582383,2025-01-01T01:03:38.000,2025-01-01T01:27:07.000,NYPD,Noise - Commercial,STATEN ISLAND,Closed
63585123,2025-01-01T01:03:44.000,2025-01-02T17:11:33.000,NYPD,Noise - Residential,BRONX,Closed
63595401,2025-01-01T01:04:00.000,2025-01-01T03:30:00.000,DOT,Traffic Signal Condition,BROOKLYN,Closed
63585528,2025-01-01T01:04:01.000,2025-01-01T01:26:45.000,NYPD,Illegal Parking,QUEENS,Closed
63575783,2025-01-01T01:04:20.000,2025-01-01T01:10:16.000,NYPD,Noise - Residential,QUEENS,Closed
63574384,2025-01-01T01:04:21.000,2025-01-01T01:35:26.000,NYPD,Noise - Street/Sidewalk,BROOKLYN,Closed
63581383,2025-01-01T01:04:22.000,2025-01-01T01:58:17.000,NYPD,Illegal Parking,QUEENS,Closed
63577969,2025-01-01T01:04:22.000,2025-01-02T17:03:52.000,NYPD,Noise - Residential,BRONX,Closed
63582827,2025-01-01T01:04:33.000,2025-01-01T01:17:43.000,NYPD,Noise - Street/Sidewalk,BROOKLYN,Closed
63575931,2025-01-01T01:04:38.000,2025-01-01T01:44:18.000,NYPD,Noise - Residential,QUEENS,Closed
63583946,2025-01-01T01:04:56.000,2025-01-01T04:13:16.000,NYPD,Blocked Driveway,BROOKLYN,Closed
63593124,2025-01-01T01:05:00.000,2025-01-02T12:03:00.000,DEP,Noise,MANHATTAN,Closed
63609190,2025-01-01T01:05:00.000,2025-01-02T04:50:00.000,DSNY,Derelict Vehicles,QUEENS,Closed
63585013,2025-01-01T01:05:01.000,2025-01-02T17:02:39.000,NYPD,Noise - Residential,BRONX,Closed
63575639,2025-01-01T01:05:14.000,2025-01-01T01:19:07.000,NYPD,Noise - Commercial,QUEENS,Closed
63585487,2025-01-01T01:05:38.000,2025-01-01T01:33:41.000,NYPD,Illegal Parking,BRONX,Closed
63585190,2025-01-01T01:05:39.000,2025-01-02T17:05:54.000,NYPD,Noise - Residential,BRONX,Closed
63572748,2025-01-01T01:05:43.000,2025-01-01T01:16:32.000,NYPD,Noise - Street/Sidewalk,QUEENS,Closed
63582666,2025-01-01T01:05:43.000,2025-01-01T01:07:42.000,NYPD,Noise - Residential,QUEENS,Closed
63577158,2025-01-01T01:05:47.000,2025-01-01T18:54:48.000,NYPD,Blocked Driveway,BRONX,Closed
63580703,2025-01-01T01:05:49.000,2025-01-01T01:30:59.000,NYPD,Noise - Residential,BRONX,Closed
63582532,2025-01-01T01:05:54.000,2025-01-01T01:32:39.000,NYPD,Noise - Residential,BROOKLYN,Closed
63574687,2025-01-01T01:05:57.000,2025-01-01T14:34:10.000,NYPD,Noise - Residential,MANHATTAN,Closed
63579065,2025-01-01T01:06:15.000,2025-01-01T01:49:13.000,NYPD,Noise - Residential,MANHATTAN,Closed
63574837,2025-01-01T01:06:17.000,2025-01-02T17:03:45.000,NYPD,Noise - Residential,BRONX,Closed
63578999,2025-01-01T01:06:28.000,2025-01-01T01:19:59.000,NYPD,Illegal Fireworks,QUEENS,Closed
63574214,2025-01-01T01:06:29.000,2025-01-01T01:11:54.000,NYPD,Noise - Residential,MANHATTAN,Closed
63572795,2025-01-01T01:06:46.000,2025-01-01T01:37:02.000,NYPD,Noise - Street/Sidewalk,BROOKLYN,Closed
63578646,2025-01-01T01:06:49.000,2025-01-01T01:41:30.000,NYPD,Illegal Parking,BROOKLYN,Closed
63581767,2025-01-01T01:06:55.000,2025-01-02T17:09:59.000,NYPD,Noise - Residential,BRONX,Closed
63591575,2025-01-01T01:07:00.000,2025-01-01T03:30:00.000,DOT,Traffic Signal Condition,BROOKLYN,Closed
63592845,2025-01-01T01:07:00.000,2025-01-01T03:25:00.000,DOT,Traffic Signal Condition,QUEENS,Closed
63577459,2025-01-01T01:07:03.000,2025-01-01T01:48:06.000,NYPD,Noise - Residential,QUEENS,Closed
63574391,2025-01-01T01:07:16.000,2025-01-01T01:36:50.000,NYPD,Noise - Street/Sidewalk,BROOKLYN,Closed
63583012,2025-01-01T01:07:17.000,2025-01-01T02:23:35.000,NYPD,Illegal Parking,QUEENS,Closed
63579443,2025-01-01T01:07:24.000,2025-01-01T01:19:42.000,NYPD,Noise - Residential,QUEENS,Closed
63574724,2025-01-01T01:07:33.000,2025-01-02T17:09:57.000,NYPD,Noise - Residential,BRONX,Closed
63574294,2025-01-01T01:07:38.000,2025-01-01T01:14:59.000,NYPD,Noise - Street/Sidewalk,STATEN ISLAND,Closed
63583403,2025-01-01T01:07:43.000,2025-01-01T01:54:46.000,NYPD,Noise - Residential,BROOKLYN,Closed
63582268,2025-01-01T01:07:48.000,2025-01-01T02:11:39.000,NYPD,Blocked Driveway,QUEENS,Closed
63580779,2025-01-01T01:07:55.000,2025-01-01T01:09:02.000,NYPD,Noise - Residential,QUEENS,Closed
63579121,2025-01-01T01:08:04.000,2025-01-01T01:30:45.000,NYPD,Noise - Residential,QUEENS,Closed
63572582,2025-01-01T01:08:10.000,2025-01-01T01:32:52.000,NYPD,Noise - Residential,BROOKLYN,Closed
63583386,2025-01-01T01:08:11.000,2025-01-02T17:05:55.000,NYPD,Noise - Residential,BRONX,Closed
63579255,2025-01-01T01:08:21.000,2025-01-01T01:25:06.000,NYPD,Noise - Residential,QUEENS,Closed
63576904,2025-01-01T01:08:22.000,2025-01-01T01:36:46.000,NYPD,Illegal Parking,QUEENS,Closed
63579316,2025-01-01T01:08:35.000,2025-01-01T01:10:10.000,NYPD,Noise - Street/Sidewalk,BROOKLYN,Closed
63575982,2025-01-01T01:08:49.000,2025-01-01T01:24:00.000,NYPD,Noise - Street/Sidewalk,BROOKLYN,Closed
63584938,2025-01-01T01:08:49.000,2025-01-02T17:05:55.000,NYPD,Noise - Residential,BRONX,Closed
63594649,2025-01-01T01:09:00.000,2025-01-11T10:55:00.000,DOT,Street Light Condition,STATEN ISLAND,Closed
63578777,2025-01-01T01:09:21.000,2025-01-01T02:32:31.000,NYPD,Blocked Driveway,STATEN ISLAND,Closed
63572763,2025-01-01T01:09:23.000,2025-01-01T01:28:14.000,NYPD,Noise - Street/Sidewalk,QUEENS,Closed
63573234,2025-01-01T01:09:28.000,2025-01-02T17:08:21.000,NYPD,Noise - Residential,BRONX,Closed
63578301,2025-01-01T01:09:29.000,2025-01-01T01:56:41.000,NYPD,Noise - Residential,BROOKLYN,Closed
63579286,2025-01-01T01:09:33.000,2025-01-01T01:41:39.000,NYPD,Noise - Residential,QUEENS,Closed
63580849,2025-01-01T01:09:44.000,2025-01-01T01:38:22.000,NYPD,Noise - Residential,MANHATTAN,Closed
63576300,2025-01-01T01:09:49.000,2025-01-01T02:11:57.000,NYPD,Illegal Parking,QUEENS,Closed
63585073,2025-01-01T01:10:02.000,2025-01-01T02:00:41.000,NYPD,Noise - Residential,QUEENS,Closed
63585240,2025-01-01T01:10:05.000,2025-01-02T17:09:53.000,NYPD,Noise - Residential,BRONX,Closed
63575791,2025-01-01T01:10:13.000,2025-01-01T01:41:20.000,NYPD,Noise - Residential,BRONX,Closed
63577583,2025-01-01T01:10:16.000,2025-01-01T01:11:23.000,NYPD,Noise - Residential,MANHATTAN,Closed
63585484,2025-01-01T01:10:42.000,2025-01-01T01:38:25.000,NYPD,Noise - Vehicle,BROOKLYN,Closed
63577968,2025-01-01T01:10:44.000,2025-01-02T17:04:04.000,NYPD,Noise - Residential,BRONX,Closed
63582584,2025-01-01T01:10:58.000,2025-01-01T01:43:53.000,NYPD,Noise - Residential,BROOKLYN,Closed
63572458,2025-01-01T01:11:03.000,2025-01-01T01:30:11.000,NYPD,Noise - Residential,QUEENS,Closed
63579380,2025-01-01T01:11:08.000,2025-01-01T01:42:19.000,NYPD,Noise - Residential,BROOKLYN,Closed
63582210,2025-01-01T01:11:11.000,2025-01-01T04:11:31.000,NYPD,Blocked Driveway,BROOKLYN,Closed
63579912,2025-01-01T01:11:11.000,2025-01-01T01:53:45.000,NYPD,Noise - Residential,BROOKLYN,Closed
63579793,2025-01-01T01:11:22.000,2025-01-02T17:05:54.000,NYPD,Noise - Residential,BRONX,Closed
63583777,2025-01-01T01:11:22.000,2025-01-01T01:41:18.000,NYPD,Illegal Parking,BROOKLYN,Closed
63580243,2025-01-01T01:11:30.000,2025-01-01T01:32:58.000,NYPD,Illegal Parking,BRONX,Closed
63585153,2025-01-01T01:11:39.000,2025-01-01T02:08:06.000,NYPD,Noise - Residential,MANHATTAN,Closed
63574530,2025-01-01T01:11:45.000,2025-01-01T02:31:54.000,NYPD,Noise - Residential,BROOKLYN,Closed
63585076,2025-01-01T01:12:00.000,2025-01-02T17:03:50.000,NYPD,Noise - Residential,BRONX,Closed
63584306,2025-01-01T01:12:03.000,2025-01-01T01:13:04.000,NYPD,Noise - Residential,BRONX,Closed
63575834,2025-01-01T01:12:17.000,2025-01-01T01:30:29.000,NYPD,Noise - Street/Sidewalk,QUEENS,Closed
63584331,2025-01-01T01:12:25.000,2025-01-01T01:38:41.000,NYPD,Noise - Residential,BROOKLYN,Closed
63572131,2025-01-01T01:12:27.000,2025-01-01T04:37:23.000,NYPD,Blocked Driveway,BROOKLYN,Closed
63573137,2025-01-01T01:12:27.000,2025-01-01T02:05:52.000,NYPD,Noise - Residential,QUEENS,Closed
63576333,2025-01-01T01:12:38.000,2025-01-02T17:07:30.000,NYPD,Noise - Residential,BRONX,Closed
63582516,2025-01-01T01:12:47.000,2025-01-01T01:44:59.000,NYPD,Illegal Fireworks,BROOKLYN,Closed
63572889,2025-01-01T01:12:48.000,2025-01-01T01:57:11.000,NYPD,Illegal Parking,BROOKLYN,Closed
63572702,2025-01-01T01:12:52.000,2025-01-01T01:20:38.000,NYPD,Noise - Residential,QUEENS,Closed
63574264,2025-01-01T01:13:04.000,2025-01-01T01:28:00.000,NYPD,Noise - Residential,BROOKLYN,Closed
63578978,2025-01-01T01:13:04.000,2025-01-01T01:34:51.000,NYPD,Blocked Driveway,QUEENS,Closed
63576231,2025-01-01T01:13:16.000,2025-01-02T17:02:39.000,NYPD,Noise - Residential,BRONX,Closed
63582161,2025-01-01T01:13:17.000,2025-01-01T02:18:43.000,NYPD,Blocked Driveway,QUEENS,Closed
63582509,2025-01-01T01:13:39.000,2025-01-01T01:29:55.000,NYPD,Noise - Residential,QUEENS,Closed
63581521,2025-01-01T01:13:43.000,2025-01-01T02:46:33.000,NYPD,Noise - Residential,BROOKLYN,Closed
63583088,2025-01-01T01:13:49.000,2025-01-01T02:08:42.000,NYPD,Noise - Residential,BRONX,Closed
63576398,2025-01-01T01:13:54.000,2025-01-02T17:05:54.000,NYPD,Noise - Residential,BRONX,Closed
63593120,2025-01-01T01:14:00.000,2025-01-08T03:00:00.000,DEP,Noise,BROOKLYN,Closed
63575136,2025-01-01T01:14:13.000,2025-01-01T01:34:38.000,NYPD,Illegal Parking,BROOKLYN,Closed
63576799,2025-01-01T01:14:18.000,2025-01-01T01:34:33.000,NYPD,Illegal Parking,QUEENS,Closed
63574957,2025-01-01T01:14:24.000,2025-01-01T04:02:38.000,NYPD,Noise - Residential,MANHATTAN,Closed
63573823,2025-01-01T01:14:26.000,2025-01-01T01:44:29.000,NYPD,Blocked Driveway,QUEENS,Closed
63572113,2025-01-01T01:14:30.000,2025-01-01T04:38:47.000,NYPD,Blocked Driveway,BROOKLYN,Closed
63581693,2025-01-01T01:14:32.000,2025-01-02T17:07:28.000,NYPD,Noise - Residential,BRONX,Closed
63584788,2025-01-01T01:14:39.000,2025-01-01T02:20:21.000,NYPD,Noise - Residential,BROOKLYN,Closed
63579318,2025-01-01T01:14:41.000,2025-01-01T01:33:29.000,NYPD,Noise - Vehicle,BRONX,Closed
63579943,2025-01-01T01:14:42.000,2025-01-01T09:31:31.000,NYPD,Illegal Parking,BRONX,Closed
63573249,2025-01-01T01:14:43.000,2025-01-01T02:14:23.000,NYPD,Noise - Street/Sidewalk,MANHATTAN,Closed
63580653,2025-01-01T01:15:07.000,2025-01-01T01:28:37.000,NYPD,Noise - Commercial,QUEENS,Closed
63574747,2025-01-01T01:15:10.000,2025-01-02T17:08:13.000,NYPD,Noise - Residential,BRONX,Closed
63583316,2025-01-01T01:15:13.000,2025-01-01T05:00:27.000,NYPD,Noise - Residential,BRONX,Closed
63577400,2025-01-01T01:15:24.000,2025-01-01T01:33:19.000,NYPD,Noise - Residential,BRONX,Closed
63576236,2025-01-01T01:15:31.000,2025-01-01T02:12:13.000,NYPD,Noise - Street/Sidewalk,QUEENS,Closed
63579785,2025-01-01T01:15:34.000,2025-01-13T07:28:57.000,DSNY,Illegal Dumping,MANHATTAN,Closed
63576537,2025-01-01T01:15:45.000,2025-01-01T02:04:32.000,NYPD,Noise - Residential,BROOKLYN,Closed
63583382,2025-01-01T01:15:49.000,2025-01-02T17:03:44.000,NYPD,Noise - Residential,BRONX,Closed
63574784,2025-01-01T01:15:52.000,2025-01-01T03:17:55.000,NYPD,Illegal Parking,BRONX,Closed
63581106,2025-01-01T01:16:00.000,2025-01-01T01:33:01.000,NYPD,Noise - Street/Sidewalk,BROOKLYN,Closed
63576483,2025-01-01T01:16:10.000,2025-01-01T02:04:31.000,NYPD,Noise - Residential,BROOKLYN,Closed
63580086,2025-01-01T01:16:27.000,2025-01-02T17:02:39.000,NYPD,Noise - Residential,BRONX,Closed
63583846,2025-01-01T01:16:45.000,2025-01-01T02:21:28.000,NYPD,Blocked Driveway,QUEENS,Closed
63581024,2025-01-01T01:16:50.000,2025-01-01T01:36:22.000,NYPD,Noise - Residential,QUEENS,Closed
63591542,2025-01-01T01:17:00.000,2025-01-01T03:15:00.000,DOT,Traffic Signal Condition,BRONX,Closed
63595225,2025-01-01T01:17:00.000,2025-01-01T07:00:00.000,DOT,Traffic Signal Condition,BROOKLYN,Closed
63575685,2025-01-01T01:17:04.000,2025-01-01T01:31:42.000,NYPD,Illegal Fireworks,BROOKLYN,Closed
63573036,2025-01-01T01:17:06.000,2025-01-02T17:07:28.000,NYPD,Noise - Residential,BRONX,Closed
63576552,2025-01-01T01:17:13.000,2025-01-01T02:23:29.000,NYPD,Noise - Residential,MANHATTAN,Closed
63575576,2025-01-01T01:17:13.000,2025-01-01T01:37:57.000,NYPD,Noise - Residential,BROOKLYN,Closed
63575775,2025-01-01T01:17:14.000,2025-01-01T01:51:14.000,NYPD,Noise - Residential,BRONX,Closed
63575817,2025-01-01T01:17:17.000,2025-01-01T01:34:48.000,NYPD,Noise - Residential,BROOKLYN,Closed
63573074,2025-01-01T01:17:25.000,2025-01-01T02:01:15.000,NYPD,Noise - Residential,BROOKLYN,Closed
63578038,2025-01-01T01:17:31.000,2025-01-01T01:57:11.000,NYPD,Noise - Residential,QUEENS,Closed
63576549,2025-01-01T01:17:41.000,2025-01-01T01:57:23.000,NYPD,Noise - Residential,QUEENS,Closed
63573024,2025-01-01T01:17:43.000,2025-01-02T17:07:32.000,NYPD,Noise - Residential,BRONX,Closed
63572364,2025-01-01T01:17:47.000,2025-01-01T01:36:22.000,NYPD,Noise - Commercial,QUEENS,Closed
63579756,2025-01-01T01:17:54.000,2025-01-01T02:20:15.000,NYPD,Noise - Residential,QUEENS,Closed
63579402,2025-01-01T01:18:01.000,2025-01-01T01:49:52.000,NYPD,Noise - Residential,MANHATTAN,Closed
63575694,2025-01-01T01:18:11.000,2025-01-01T01:31:04.000,NYPD,Noise - Residential,QUEENS,Closed
63585009,2025-01-01T01:18:21.000,2025-01-02T17:09:54.000,NYPD,Noise - Residential,BRONX,Closed
63583379,2025-01-01T01:18:22.000,2025-01-01T02:39:28.000,NYPD,Noise - Residential,BROOKLYN,Closed
63575455,2025-01-01T01:18:31.000,2025-01-01T02:21:12.000,NYPD,Blocked Driveway,QUEENS,Closed
63574257,2025-01-01T01:18:37.000,2025-01-01T01:45:42.000,NYPD,Noise - Residential,QUEENS,Closed
63577145,2025-01-01T01:18:46.000,2025-01-01T03:33:02.000,NYPD,Blocked Driveway,QUEENS,Closed
63584257,2025-01-01T01:18:50.000,2025-01-01T01:40:03.000,NYPD,Noise - Residential,QUEENS,Closed
63579849,2025-01-01T01:18:53.000,2025-01-01T02:33:51.000,NYPD,Noise - Commercial,MANHATTAN,Closed
63575524,2025-01-01T01:18:56.000,2025-01-01T01:38:44.000,NYPD,Illegal Fireworks,BROOKLYN,Closed
63576011,2025-01-01T01:18:56.000,2025-01-01T01:35:09.000,NYPD,Noise - Residential,STATEN ISLAND,Closed
63578255,2025-01-01T01:18:59.000,2025-01-02T17:08:19.000,NYPD,Noise - Residential,BRONX,Closed
63574265,2025-01-01T01:19:05.000,2025-01-01T01:41:50.000,NYPD,Noise - Residential,QUEENS,Closed
63575377,2025-01-01T01:19:10.000,2025-01-01T08:11:38.000,NYPD,Blocked Driveway,MANHATTAN,Closed
63577909,2025-01-01T01:19:14.000,2025-01-01T02:11:50.000,NYPD,Illegal Parking,QUEENS,Closed
63574519,2025-01-01T01:19:16.000,2025-01-01T03:38:41.000,NYPD,Illegal Parking,QUEENS,Closed
63585104,2025-01-01T01:19:23.000,2025-01-01T05:07:57.000,NYPD,Illegal Parking,BROOKLYN,Closed
63576411,2025-01-01T01:19:37.000,2025-01-02T17:08:20.000,NYPD,Noise - Residential,BRONX,Closed
63574395,2025-01-01T01:19:39.000,2025-01-01T01:30:28.000,NYPD,Noise - Vehicle,BROOKLYN,Closed
63573079,2025-01-01T01:19:51.000,2025-01-01T02:09:53.000,NYPD,Noise - Residential,MANHATTAN,Closed
63578637,2025-01-01T01:19:51.000,2025-01-01T01:34:48.000,NYPD,Illegal Parking,BROOKLYN,Closed
63577271,2025-01-01T01:19:52.000,2025-01-01T01:29:00.000,NYPD,Noise - Commercial,BROOKLYN,Closed
63584028,2025-01-01T01:20:16.000,2025-01-01T01:37:24.000,NYPD,Illegal Fireworks,BRONX,Closed
63581981,2025-01-01T01:20:16.000,2025-01-01T01:49:14.000,NYPD,Illegal Parking,QUEENS,Closed
63581731,2025-01-01T01:20:16.000,2025-01-02T17:08:15.000,NYPD,Noise - Residential,BRONX,Closed
63573208,2025-01-01T01:20:33.000,2025-01-01T01:54:48.000,NYPD,Noise - Residential,MANHATTAN,Closed
63584538,2025-01-01T01:20:33.000,2025-01-01T01:29:54.000,NYPD,Noise - Street/Sidewalk,BROOKLYN,Closed
63574376,2025-01-01T01:20:36.000,2025-01-01T01:33:55.000,NYPD,Noise - Street/Sidewalk,MANHATTAN,Closed
63582679,2025-01-01T01:20:36.000,2025-01-01T01:42:35.000,NYPD,Noise - Residential,QUEENS,Closed
63585167,2025-01-01T01:20:39.000,2025-01-01T01:51:40.000,NYPD,Noise - Street/Sidewalk,MANHATTAN,Closed
63575778,2025-01-01T01:20:43.000,2025-01-01T01:31:24.000,NYPD,Noise - Residential,QUEENS,Closed
63572905,2025-01-01T01:20:44.000,2025-01-01T02:21:35.000,NYPD,Noise - Commercial,QUEENS,Closed
63584234,2025-01-01T01:20:49.000,2025-01-01T01:38:53.000,NYPD,Illegal Fireworks,BROOKLYN,Closed
63572115,2025-01-01T01:20:52.000,2025-01-01T02:21:14.000,NYPD,Blocked Driveway,QUEENS,Closed
63584119,2025-01-01T01:20:52.000,2025-01-01T01:29:05.000,NYPD,Noise - Commercial,BROOKLYN,Closed
63576155,2025-01-01T01:20:54.000,2025-01-01T05:49:16.000,NYPD,Illegal Parking,BROOKLYN,Closed
63573228,2025-01-01T01:20:54.000,2025-01-02T17:02:39.000,NYPD,Noise - Residential,BRONX,Closed
63574033,2025-01-01T01:20:59.000,2025-01-01T01:41:47.000,NYPD,Noise - Commercial,BROOKLYN,Closed
63583476,2025-01-01T01:21:00.000,2025-01-02T22:17:41.000,DSNY,Residential Disposal Complaint,BROOKLYN,Closed
63582500,2025-01-01T01:21:05.000,2025-01-01T01:49:07.000,NYPD,Noise - Residential,MANHATTAN,Closed
63577991,2025-01-01T01:21:23.000,2025-01-01T02:55:14.000,NYPD,Noise - Residential,BRONX,Closed
63577418,2025-01-01T01:21:25.000,2025-01-01T01:41:05.000,NYPD,Noise - Residential,BROOKLYN,Closed
63579761,2025-01-01T01:21:27.000,2025-01-01T02:32:14.000,NYPD,Noise - Residential,BROOKLYN,Closed
63574857,2025-01-01T01:21:32.000,2025-01-02T17:03:50.000,NYPD,Noise - Residential,BRONX,Closed
63577160,2025-01-01T01:21:40.000,2025-01-01T04:00:05.000,NYPD,Blocked Driveway,QUEENS,Closed
63573232,2025-01-01T01:21:43.000,2025-01-01T02:02:12.000,NYPD,Noise - Street/Sidewalk,BROOKLYN,Closed
63574917,2025-01-01T01:21:48.000,2025-01-01T02:07:35.000,NYPD,Noise - Residential,BROOKLYN,Closed
63572945,2025-01-01T01:22:08.000,2025-01-01T02:54:52.000,NYPD,Noise - Residential,BRONX,Closed
63581610,2025-01-01T01:22:10.000,2025-01-02T17:02:39.000,NYPD,Noise - Residential,BRONX,Closed
63572751,2025-01-01T01:22:22.000,2025-01-01T01:34:25.000,NYPD,Noise - Vehicle,BROOKLYN,Closed
63574107,2025-01-01T01:22:24.000,2025-01-01T01:28:51.000,NYPD,Noise - Residential,QUEENS,Closed
63579396,2025-01-01T01:22:36.000,2025-01-01T01:43:52.000,NYPD,Noise - Street/Sidewalk,QUEENS,Closed
63581609,2025-01-01T01:22:48.000,2025-01-02T17:02:39.000,NYPD,Noise - Residential,BRONX,Closed
63577910,2025-01-01T01:22:51.000,2025-01-01T02:59:30.000,NYPD,Illegal Parking,BROOKLYN,Closed
63578141,2025-01-01T01:23:02.000,2025-01-01T02:23:48.000,NYPD,Illegal Parking,BRONX,Closed
63573378,2025-01-01T01:23:05.000,2025-01-01T01:48:18.000,NYPD,Illegal Parking,BROOKLYN,Closed
63574382,2025-01-01T01:23:14.000,2025-01-01T01:32:46.000,NYPD,Noise - Street/Sidewalk,STATEN ISLAND,Closed
63581597,2025-01-01T01:23:26.000,2025-01-02T17:02:41.000,NYPD,Noise - Residential,BRONX,Closed
63579401,2025-01-01T01:23:28.000,2025-01-01T01:40:30.000,NYPD,Noise - Residential,BROOKLYN,Closed
63572662,2025-01-01T01:23:31.000,2025-01-01T01:28:54.000,NYPD,Noise - Residential,BROOKLYN,Closed
63577722,2025-01-01T01:23:35.000,2025-01-01T01:32:23.000,NYPD,Noise - Vehicle,BROOKLYN,Closed
63574371,2025-01-01T01:23:37.000,2025-01-01T01:31:02.000,NYPD,Noise - Street/Sidewalk,QUEENS,Closed
63572903,2025-01-01T01:23:38.000,2025-01-01T08:46:20.000,NYPD,Illegal Parking,BROOKLYN,Closed
63578873,2025-01-01T01:23:40.000,2025-01-01T23:31:48.000,NYPD,Blocked Driveway,BRONX,Closed
63578091,2025-01-01T01:23:46.000,2025-01-01T02:29:23.000,NYPD,Noise - Residential,BRONX,Closed
63575376,2025-01-01T01:23:51.000,2025-01-01T04:38:03.000,NYPD,Blocked Driveway,BROOKLYN,Closed
63578022,2025-01-01T01:23:54.000,2025-01-01T01:55:19.000,NYPD,Noise - Residential,MANHATTAN,Closed
63581103,2025-01-01T01:24:02.000,2025-01-01T01:45:04.000,NYPD,Noise - Street/Sidewalk,BROOKLYN,Closed
63581487,2025-01-01T01:24:02.000,2025-01-01T02:54:34.000,NYPD,Noise - Residential,BRONX,Closed
